
 /----------------------------------------------------------------------------\
 |  yosys -- Yosys Open SYnthesis Suite                                       |
 |  Copyright (C) 2012 - 2026  Claire Xenia Wolf <claire@yosyshq.com>         |
 |  Distributed under an ISC-like license, type "license" to see terms        |
 \----------------------------------------------------------------------------/
 Yosys 0.63 (git sha1 70a11c6bf0e8dd669f56c7da3587f78b405138e2, clang++ 16.0.0 -fPIC -O3)

-- Parsing `hslm_dynamic_top.v' using frontend ` -vlog2k' --

1. Executing Verilog-2005 frontend: hslm_dynamic_top.v
Parsing Verilog input from `hslm_dynamic_top.v' to AST representation.
Storing AST representation for module `$abstract\hslm_dynamic_top'.
Successfully finished Verilog frontend.

-- Running command `synth_xilinx -flatten -abc9 -arch xc7 -top hslm_dynamic_top; write_json synth_reports/hslm_dynamic_top.json' --

2. Executing SYNTH_XILINX pass.

2.1. Executing Verilog-2005 frontend: /opt/homebrew/bin/../share/yosys/xilinx/cells_sim.v
Parsing Verilog input from `/opt/homebrew/bin/../share/yosys/xilinx/cells_sim.v' to AST representation.
Generating RTLIL representation for module `\VCC'.
Generating RTLIL representation for module `\GND'.
Generating RTLIL representation for module `\IBUF'.
Generating RTLIL representation for module `\IBUFG'.
Generating RTLIL representation for module `\OBUF'.
Generating RTLIL representation for module `\IOBUF'.
Generating RTLIL representation for module `\OBUFT'.
Generating RTLIL representation for module `\BUFG'.
Generating RTLIL representation for module `\BUFGCTRL'.
Generating RTLIL representation for module `\BUFHCE'.
Generating RTLIL representation for module `\INV'.
Generating RTLIL representation for module `\LUT1'.
Generating RTLIL representation for module `\LUT2'.
Generating RTLIL representation for module `\LUT3'.
Generating RTLIL representation for module `\LUT4'.
Generating RTLIL representation for module `\LUT5'.
Generating RTLIL representation for module `\LUT6'.
Generating RTLIL representation for module `\LUT6_2'.
Generating RTLIL representation for module `\$__ABC9_LUT7'.
Generating RTLIL representation for module `\$__ABC9_LUT8'.
Generating RTLIL representation for module `\MUXCY'.
Generating RTLIL representation for module `\MUXF5'.
Generating RTLIL representation for module `\MUXF6'.
Generating RTLIL representation for module `\MUXF7'.
Generating RTLIL representation for module `\MUXF8'.
Generating RTLIL representation for module `\MUXF9'.
Generating RTLIL representation for module `\XORCY'.
Generating RTLIL representation for module `\CARRY4'.
Generating RTLIL representation for module `\CARRY8'.
Generating RTLIL representation for module `\ORCY'.
Generating RTLIL representation for module `\MULT_AND'.
Generating RTLIL representation for module `\FDRE'.
Generating RTLIL representation for module `\FDRE_1'.
Generating RTLIL representation for module `\FDSE'.
Generating RTLIL representation for module `\FDSE_1'.
Generating RTLIL representation for module `\FDRSE'.
Generating RTLIL representation for module `\FDRSE_1'.
Generating RTLIL representation for module `\FDCE'.
Generating RTLIL representation for module `\FDCE_1'.
Generating RTLIL representation for module `\FDPE'.
Generating RTLIL representation for module `\FDPE_1'.
Generating RTLIL representation for module `\FDCPE'.
Generating RTLIL representation for module `\FDCPE_1'.
Generating RTLIL representation for module `\LDCE'.
Generating RTLIL representation for module `\LDPE'.
Generating RTLIL representation for module `\LDCPE'.
Generating RTLIL representation for module `\AND2B1L'.
Generating RTLIL representation for module `\OR2L'.
Generating RTLIL representation for module `\RAM16X1S'.
Generating RTLIL representation for module `\RAM16X1S_1'.
Generating RTLIL representation for module `\RAM32X1S'.
Generating RTLIL representation for module `\RAM32X1S_1'.
Generating RTLIL representation for module `\RAM64X1S'.
Generating RTLIL representation for module `\RAM64X1S_1'.
Generating RTLIL representation for module `\RAM128X1S'.
Generating RTLIL representation for module `\RAM128X1S_1'.
Generating RTLIL representation for module `\RAM256X1S'.
Generating RTLIL representation for module `\RAM512X1S'.
Generating RTLIL representation for module `\RAM16X2S'.
Generating RTLIL representation for module `\RAM32X2S'.
Generating RTLIL representation for module `\RAM64X2S'.
Generating RTLIL representation for module `\RAM16X4S'.
Generating RTLIL representation for module `\RAM32X4S'.
Generating RTLIL representation for module `\RAM16X8S'.
Generating RTLIL representation for module `\RAM32X8S'.
Generating RTLIL representation for module `\RAM16X1D'.
Generating RTLIL representation for module `\RAM16X1D_1'.
Generating RTLIL representation for module `\RAM32X1D'.
Generating RTLIL representation for module `\RAM32X1D_1'.
Generating RTLIL representation for module `\RAM64X1D'.
Generating RTLIL representation for module `\RAM64X1D_1'.
Generating RTLIL representation for module `\RAM128X1D'.
Generating RTLIL representation for module `\RAM256X1D'.
Generating RTLIL representation for module `\RAM32M'.
Generating RTLIL representation for module `\RAM32M16'.
Generating RTLIL representation for module `\RAM64M'.
Generating RTLIL representation for module `\RAM64M8'.
Generating RTLIL representation for module `\RAM32X16DR8'.
Generating RTLIL representation for module `\RAM64X8SW'.
Generating RTLIL representation for module `\ROM16X1'.
Generating RTLIL representation for module `\ROM32X1'.
Generating RTLIL representation for module `\ROM64X1'.
Generating RTLIL representation for module `\ROM128X1'.
Generating RTLIL representation for module `\ROM256X1'.
Generating RTLIL representation for module `\SRL16'.
Generating RTLIL representation for module `\SRL16E'.
Generating RTLIL representation for module `\SRLC16'.
Generating RTLIL representation for module `\SRLC16E'.
Generating RTLIL representation for module `\SRLC32E'.
Generating RTLIL representation for module `\CFGLUT5'.
Generating RTLIL representation for module `\MULT18X18'.
Generating RTLIL representation for module `\MULT18X18S'.
Generating RTLIL representation for module `\MULT18X18SIO'.
Generating RTLIL representation for module `\DSP48A'.
Generating RTLIL representation for module `\DSP48A1'.
Generating RTLIL representation for module `\DSP48'.
Generating RTLIL representation for module `\DSP48E1'.
Generating RTLIL representation for module `\RAMB18E1'.
Generating RTLIL representation for module `\RAMB36E1'.
Successfully finished Verilog frontend.

2.2. Executing Verilog-2005 frontend: /opt/homebrew/bin/../share/yosys/xilinx/cells_xtra.v
Parsing Verilog input from `/opt/homebrew/bin/../share/yosys/xilinx/cells_xtra.v' to AST representation.
Generating RTLIL representation for module `\RAMB4_S1'.
Generating RTLIL representation for module `\RAMB4_S2'.
Generating RTLIL representation for module `\RAMB4_S4'.
Generating RTLIL representation for module `\RAMB4_S8'.
Generating RTLIL representation for module `\RAMB4_S16'.
Generating RTLIL representation for module `\RAMB4_S1_S1'.
Generating RTLIL representation for module `\RAMB4_S1_S2'.
Generating RTLIL representation for module `\RAMB4_S1_S4'.
Generating RTLIL representation for module `\RAMB4_S1_S8'.
Generating RTLIL representation for module `\RAMB4_S1_S16'.
Generating RTLIL representation for module `\RAMB4_S2_S2'.
Generating RTLIL representation for module `\RAMB4_S2_S4'.
Generating RTLIL representation for module `\RAMB4_S2_S8'.
Generating RTLIL representation for module `\RAMB4_S2_S16'.
Generating RTLIL representation for module `\RAMB4_S4_S4'.
Generating RTLIL representation for module `\RAMB4_S4_S8'.
Generating RTLIL representation for module `\RAMB4_S4_S16'.
Generating RTLIL representation for module `\RAMB4_S8_S8'.
Generating RTLIL representation for module `\RAMB4_S8_S16'.
Generating RTLIL representation for module `\RAMB4_S16_S16'.
Generating RTLIL representation for module `\RAMB16_S1'.
Generating RTLIL representation for module `\RAMB16_S2'.
Generating RTLIL representation for module `\RAMB16_S4'.
Generating RTLIL representation for module `\RAMB16_S9'.
Generating RTLIL representation for module `\RAMB16_S18'.
Generating RTLIL representation for module `\RAMB16_S36'.
Generating RTLIL representation for module `\RAMB16_S1_S1'.
Generating RTLIL representation for module `\RAMB16_S1_S2'.
Generating RTLIL representation for module `\RAMB16_S1_S4'.
Generating RTLIL representation for module `\RAMB16_S1_S9'.
Generating RTLIL representation for module `\RAMB16_S1_S18'.
Generating RTLIL representation for module `\RAMB16_S1_S36'.
Generating RTLIL representation for module `\RAMB16_S2_S2'.
Generating RTLIL representation for module `\RAMB16_S2_S4'.
Generating RTLIL representation for module `\RAMB16_S2_S9'.
Generating RTLIL representation for module `\RAMB16_S2_S18'.
Generating RTLIL representation for module `\RAMB16_S2_S36'.
Generating RTLIL representation for module `\RAMB16_S4_S4'.
Generating RTLIL representation for module `\RAMB16_S4_S9'.
Generating RTLIL representation for module `\RAMB16_S4_S18'.
Generating RTLIL representation for module `\RAMB16_S4_S36'.
Generating RTLIL representation for module `\RAMB16_S9_S9'.
Generating RTLIL representation for module `\RAMB16_S9_S18'.
Generating RTLIL representation for module `\RAMB16_S9_S36'.
Generating RTLIL representation for module `\RAMB16_S18_S18'.
Generating RTLIL representation for module `\RAMB16_S18_S36'.
Generating RTLIL representation for module `\RAMB16_S36_S36'.
Generating RTLIL representation for module `\RAMB16BWE_S18'.
Generating RTLIL representation for module `\RAMB16BWE_S36'.
Generating RTLIL representation for module `\RAMB16BWE_S18_S9'.
Generating RTLIL representation for module `\RAMB16BWE_S18_S18'.
Generating RTLIL representation for module `\RAMB16BWE_S36_S9'.
Generating RTLIL representation for module `\RAMB16BWE_S36_S18'.
Generating RTLIL representation for module `\RAMB16BWE_S36_S36'.
Generating RTLIL representation for module `\RAMB16BWER'.
Generating RTLIL representation for module `\RAMB8BWER'.
Generating RTLIL representation for module `\FIFO16'.
Generating RTLIL representation for module `\RAMB16'.
Generating RTLIL representation for module `\RAMB32_S64_ECC'.
Generating RTLIL representation for module `\FIFO18'.
Generating RTLIL representation for module `\FIFO18_36'.
Generating RTLIL representation for module `\FIFO36'.
Generating RTLIL representation for module `\FIFO36_72'.
Generating RTLIL representation for module `\RAMB18'.
Generating RTLIL representation for module `\RAMB36'.
Generating RTLIL representation for module `\RAMB18SDP'.
Generating RTLIL representation for module `\RAMB36SDP'.
Generating RTLIL representation for module `\FIFO18E1'.
Generating RTLIL representation for module `\FIFO36E1'.
Generating RTLIL representation for module `\FIFO18E2'.
Generating RTLIL representation for module `\FIFO36E2'.
Generating RTLIL representation for module `\RAMB18E2'.
Generating RTLIL representation for module `\RAMB36E2'.
Generating RTLIL representation for module `\URAM288'.
Generating RTLIL representation for module `\URAM288_BASE'.
Generating RTLIL representation for module `\DSP48E'.
Generating RTLIL representation for module `\DSP48E2'.
Generating RTLIL representation for module `\FDDRCPE'.
Generating RTLIL representation for module `\FDDRRSE'.
Generating RTLIL representation for module `\IFDDRCPE'.
Generating RTLIL representation for module `\IFDDRRSE'.
Generating RTLIL representation for module `\OFDDRCPE'.
Generating RTLIL representation for module `\OFDDRRSE'.
Generating RTLIL representation for module `\OFDDRTCPE'.
Generating RTLIL representation for module `\OFDDRTRSE'.
Generating RTLIL representation for module `\IDDR2'.
Generating RTLIL representation for module `\ODDR2'.
Generating RTLIL representation for module `\IDDR'.
Generating RTLIL representation for module `\IDDR_2CLK'.
Generating RTLIL representation for module `\ODDR'.
Generating RTLIL representation for module `\IDELAYCTRL'.
Generating RTLIL representation for module `\IDELAY'.
Generating RTLIL representation for module `\ISERDES'.
Generating RTLIL representation for module `\OSERDES'.
Generating RTLIL representation for module `\IODELAY'.
Generating RTLIL representation for module `\ISERDES_NODELAY'.
Generating RTLIL representation for module `\IODELAYE1'.
Generating RTLIL representation for module `\ISERDESE1'.
Generating RTLIL representation for module `\OSERDESE1'.
Generating RTLIL representation for module `\IDELAYE2'.
Generating RTLIL representation for module `\ODELAYE2'.
Generating RTLIL representation for module `\ISERDESE2'.
Generating RTLIL representation for module `\OSERDESE2'.
Generating RTLIL representation for module `\PHASER_IN'.
Generating RTLIL representation for module `\PHASER_IN_PHY'.
Generating RTLIL representation for module `\PHASER_OUT'.
Generating RTLIL representation for module `\PHASER_OUT_PHY'.
Generating RTLIL representation for module `\PHASER_REF'.
Generating RTLIL representation for module `\PHY_CONTROL'.
Generating RTLIL representation for module `\IDDRE1'.
Generating RTLIL representation for module `\ODDRE1'.
Generating RTLIL representation for module `\IDELAYE3'.
Generating RTLIL representation for module `\ODELAYE3'.
Generating RTLIL representation for module `\ISERDESE3'.
Generating RTLIL representation for module `\OSERDESE3'.
Generating RTLIL representation for module `\BITSLICE_CONTROL'.
Generating RTLIL representation for module `\RIU_OR'.
Generating RTLIL representation for module `\RX_BITSLICE'.
Generating RTLIL representation for module `\RXTX_BITSLICE'.
Generating RTLIL representation for module `\TX_BITSLICE'.
Generating RTLIL representation for module `\TX_BITSLICE_TRI'.
Generating RTLIL representation for module `\IODELAY2'.
Generating RTLIL representation for module `\IODRP2'.
Generating RTLIL representation for module `\IODRP2_MCB'.
Generating RTLIL representation for module `\ISERDES2'.
Generating RTLIL representation for module `\OSERDES2'.
Generating RTLIL representation for module `\IBUF_DLY_ADJ'.
Generating RTLIL representation for module `\IBUF_IBUFDISABLE'.
Generating RTLIL representation for module `\IBUF_INTERMDISABLE'.
Generating RTLIL representation for module `\IBUF_ANALOG'.
Generating RTLIL representation for module `\IBUFE3'.
Generating RTLIL representation for module `\IBUFDS'.
Generating RTLIL representation for module `\IBUFDS_DLY_ADJ'.
Generating RTLIL representation for module `\IBUFDS_IBUFDISABLE'.
Generating RTLIL representation for module `\IBUFDS_INTERMDISABLE'.
Generating RTLIL representation for module `\IBUFDS_DIFF_OUT'.
Generating RTLIL representation for module `\IBUFDS_DIFF_OUT_IBUFDISABLE'.
Generating RTLIL representation for module `\IBUFDS_DIFF_OUT_INTERMDISABLE'.
Generating RTLIL representation for module `\IBUFDSE3'.
Generating RTLIL representation for module `\IBUFDS_DPHY'.
Generating RTLIL representation for module `\IBUFGDS'.
Generating RTLIL representation for module `\IBUFGDS_DIFF_OUT'.
Generating RTLIL representation for module `\IOBUF_DCIEN'.
Generating RTLIL representation for module `\IOBUF_INTERMDISABLE'.
Generating RTLIL representation for module `\IOBUFE3'.
Generating RTLIL representation for module `\IOBUFDS'.
Generating RTLIL representation for module `\IOBUFDS_DCIEN'.
Generating RTLIL representation for module `\IOBUFDS_INTERMDISABLE'.
Generating RTLIL representation for module `\IOBUFDS_DIFF_OUT'.
Generating RTLIL representation for module `\IOBUFDS_DIFF_OUT_DCIEN'.
Generating RTLIL representation for module `\IOBUFDS_DIFF_OUT_INTERMDISABLE'.
Generating RTLIL representation for module `\IOBUFDSE3'.
Generating RTLIL representation for module `\OBUFDS'.
Generating RTLIL representation for module `\OBUFDS_DPHY'.
Generating RTLIL representation for module `\OBUFTDS'.
Generating RTLIL representation for module `\KEEPER'.
Generating RTLIL representation for module `\PULLDOWN'.
Generating RTLIL representation for module `\PULLUP'.
Generating RTLIL representation for module `\DCIRESET'.
Generating RTLIL representation for module `\HPIO_VREF'.
Generating RTLIL representation for module `\BUFGCE'.
Generating RTLIL representation for module `\BUFGCE_1'.
Generating RTLIL representation for module `\BUFGMUX'.
Generating RTLIL representation for module `\BUFGMUX_1'.
Generating RTLIL representation for module `\BUFGMUX_CTRL'.
Generating RTLIL representation for module `\BUFGMUX_VIRTEX4'.
Generating RTLIL representation for module `\BUFG_GT'.
Generating RTLIL representation for module `\BUFG_GT_SYNC'.
Generating RTLIL representation for module `\BUFG_PS'.
Generating RTLIL representation for module `\BUFGCE_DIV'.
Generating RTLIL representation for module `\BUFH'.
Generating RTLIL representation for module `\BUFIO2'.
Generating RTLIL representation for module `\BUFIO2_2CLK'.
Generating RTLIL representation for module `\BUFIO2FB'.
Generating RTLIL representation for module `\BUFPLL'.
Generating RTLIL representation for module `\BUFPLL_MCB'.
Generating RTLIL representation for module `\BUFIO'.
Generating RTLIL representation for module `\BUFIODQS'.
Generating RTLIL representation for module `\BUFR'.
Generating RTLIL representation for module `\BUFMR'.
Generating RTLIL representation for module `\BUFMRCE'.
Generating RTLIL representation for module `\DCM'.
Generating RTLIL representation for module `\DCM_SP'.
Generating RTLIL representation for module `\DCM_CLKGEN'.
Generating RTLIL representation for module `\DCM_ADV'.
Generating RTLIL representation for module `\DCM_BASE'.
Generating RTLIL representation for module `\DCM_PS'.
Generating RTLIL representation for module `\PMCD'.
Generating RTLIL representation for module `\PLL_ADV'.
Generating RTLIL representation for module `\PLL_BASE'.
Generating RTLIL representation for module `\MMCM_ADV'.
Generating RTLIL representation for module `\MMCM_BASE'.
Generating RTLIL representation for module `\MMCME2_ADV'.
Generating RTLIL representation for module `\MMCME2_BASE'.
Generating RTLIL representation for module `\PLLE2_ADV'.
Generating RTLIL representation for module `\PLLE2_BASE'.
Generating RTLIL representation for module `\MMCME3_ADV'.
Generating RTLIL representation for module `\MMCME3_BASE'.
Generating RTLIL representation for module `\PLLE3_ADV'.
Generating RTLIL representation for module `\PLLE3_BASE'.
Generating RTLIL representation for module `\MMCME4_ADV'.
Generating RTLIL representation for module `\MMCME4_BASE'.
Generating RTLIL representation for module `\PLLE4_ADV'.
Generating RTLIL representation for module `\PLLE4_BASE'.
Generating RTLIL representation for module `\BUFT'.
Generating RTLIL representation for module `\IN_FIFO'.
Generating RTLIL representation for module `\OUT_FIFO'.
Generating RTLIL representation for module `\HARD_SYNC'.
Generating RTLIL representation for module `\STARTUP_SPARTAN3'.
Generating RTLIL representation for module `\STARTUP_SPARTAN3E'.
Generating RTLIL representation for module `\STARTUP_SPARTAN3A'.
Generating RTLIL representation for module `\STARTUP_SPARTAN6'.
Generating RTLIL representation for module `\STARTUP_VIRTEX4'.
Generating RTLIL representation for module `\STARTUP_VIRTEX5'.
Generating RTLIL representation for module `\STARTUP_VIRTEX6'.
Generating RTLIL representation for module `\STARTUPE2'.
Generating RTLIL representation for module `\STARTUPE3'.
Generating RTLIL representation for module `\CAPTURE_SPARTAN3'.
Generating RTLIL representation for module `\CAPTURE_SPARTAN3A'.
Generating RTLIL representation for module `\CAPTURE_VIRTEX4'.
Generating RTLIL representation for module `\CAPTURE_VIRTEX5'.
Generating RTLIL representation for module `\CAPTURE_VIRTEX6'.
Generating RTLIL representation for module `\CAPTUREE2'.
Generating RTLIL representation for module `\ICAP_SPARTAN3A'.
Generating RTLIL representation for module `\ICAP_SPARTAN6'.
Generating RTLIL representation for module `\ICAP_VIRTEX4'.
Generating RTLIL representation for module `\ICAP_VIRTEX5'.
Generating RTLIL representation for module `\ICAP_VIRTEX6'.
Generating RTLIL representation for module `\ICAPE2'.
Generating RTLIL representation for module `\ICAPE3'.
Generating RTLIL representation for module `\BSCAN_SPARTAN3'.
Generating RTLIL representation for module `\BSCAN_SPARTAN3A'.
Generating RTLIL representation for module `\BSCAN_SPARTAN6'.
Generating RTLIL representation for module `\BSCAN_VIRTEX4'.
Generating RTLIL representation for module `\BSCAN_VIRTEX5'.
Generating RTLIL representation for module `\BSCAN_VIRTEX6'.
Generating RTLIL representation for module `\BSCANE2'.
Generating RTLIL representation for module `\DNA_PORT'.
Generating RTLIL representation for module `\DNA_PORTE2'.
Generating RTLIL representation for module `\FRAME_ECC_VIRTEX4'.
Generating RTLIL representation for module `\FRAME_ECC_VIRTEX5'.
Generating RTLIL representation for module `\FRAME_ECC_VIRTEX6'.
Generating RTLIL representation for module `\FRAME_ECCE2'.
Generating RTLIL representation for module `\FRAME_ECCE3'.
Generating RTLIL representation for module `\FRAME_ECCE4'.
Generating RTLIL representation for module `\USR_ACCESS_VIRTEX4'.
Generating RTLIL representation for module `\USR_ACCESS_VIRTEX5'.
Generating RTLIL representation for module `\USR_ACCESS_VIRTEX6'.
Generating RTLIL representation for module `\USR_ACCESSE2'.
Generating RTLIL representation for module `\POST_CRC_INTERNAL'.
Generating RTLIL representation for module `\SUSPEND_SYNC'.
Generating RTLIL representation for module `\KEY_CLEAR'.
Generating RTLIL representation for module `\MASTER_JTAG'.
Generating RTLIL representation for module `\SPI_ACCESS'.
Generating RTLIL representation for module `\EFUSE_USR'.
Generating RTLIL representation for module `\SYSMON'.
Generating RTLIL representation for module `\XADC'.
Generating RTLIL representation for module `\SYSMONE1'.
Generating RTLIL representation for module `\SYSMONE4'.
Generating RTLIL representation for module `\GTPA1_DUAL'.
Generating RTLIL representation for module `\GT11_CUSTOM'.
Generating RTLIL representation for module `\GT11_DUAL'.
Generating RTLIL representation for module `\GT11CLK'.
Generating RTLIL representation for module `\GT11CLK_MGT'.
Generating RTLIL representation for module `\GTP_DUAL'.
Generating RTLIL representation for module `\GTX_DUAL'.
Generating RTLIL representation for module `\CRC32'.
Generating RTLIL representation for module `\CRC64'.
Generating RTLIL representation for module `\GTHE1_QUAD'.
Generating RTLIL representation for module `\GTXE1'.
Generating RTLIL representation for module `\IBUFDS_GTXE1'.
Generating RTLIL representation for module `\IBUFDS_GTHE1'.
Generating RTLIL representation for module `\GTHE2_CHANNEL'.
Generating RTLIL representation for module `\GTHE2_COMMON'.
Generating RTLIL representation for module `\GTPE2_CHANNEL'.
Generating RTLIL representation for module `\GTPE2_COMMON'.
Generating RTLIL representation for module `\GTXE2_CHANNEL'.
Generating RTLIL representation for module `\GTXE2_COMMON'.
Generating RTLIL representation for module `\IBUFDS_GTE2'.
Generating RTLIL representation for module `\GTHE3_CHANNEL'.
Generating RTLIL representation for module `\GTHE3_COMMON'.
Generating RTLIL representation for module `\GTYE3_CHANNEL'.
Generating RTLIL representation for module `\GTYE3_COMMON'.
Generating RTLIL representation for module `\IBUFDS_GTE3'.
Generating RTLIL representation for module `\OBUFDS_GTE3'.
Generating RTLIL representation for module `\OBUFDS_GTE3_ADV'.
Generating RTLIL representation for module `\GTHE4_CHANNEL'.
Generating RTLIL representation for module `\GTHE4_COMMON'.
Generating RTLIL representation for module `\GTYE4_CHANNEL'.
Generating RTLIL representation for module `\GTYE4_COMMON'.
Generating RTLIL representation for module `\IBUFDS_GTE4'.
Generating RTLIL representation for module `\OBUFDS_GTE4'.
Generating RTLIL representation for module `\OBUFDS_GTE4_ADV'.
Generating RTLIL representation for module `\GTM_DUAL'.
Generating RTLIL representation for module `\IBUFDS_GTM'.
Generating RTLIL representation for module `\OBUFDS_GTM'.
Generating RTLIL representation for module `\OBUFDS_GTM_ADV'.
Generating RTLIL representation for module `\HSDAC'.
Generating RTLIL representation for module `\HSADC'.
Generating RTLIL representation for module `\RFDAC'.
Generating RTLIL representation for module `\RFADC'.
Generating RTLIL representation for module `\PCIE_A1'.
Generating RTLIL representation for module `\PCIE_EP'.
Generating RTLIL representation for module `\PCIE_2_0'.
Generating RTLIL representation for module `\PCIE_2_1'.
Generating RTLIL representation for module `\PCIE_3_0'.
Generating RTLIL representation for module `\PCIE_3_1'.
Generating RTLIL representation for module `\PCIE40E4'.
Generating RTLIL representation for module `\PCIE4CE4'.
Generating RTLIL representation for module `\EMAC'.
Generating RTLIL representation for module `\TEMAC'.
Generating RTLIL representation for module `\TEMAC_SINGLE'.
Generating RTLIL representation for module `\CMAC'.
Generating RTLIL representation for module `\CMACE4'.
Generating RTLIL representation for module `\MCB'.
Generating RTLIL representation for module `\HBM_REF_CLK'.
Generating RTLIL representation for module `\HBM_SNGLBLI_INTF_APB'.
Generating RTLIL representation for module `\HBM_SNGLBLI_INTF_AXI'.
Generating RTLIL representation for module `\HBM_ONE_STACK_INTF'.
Generating RTLIL representation for module `\HBM_TWO_STACK_INTF'.
Generating RTLIL representation for module `\PPC405_ADV'.
Generating RTLIL representation for module `\PPC440'.
Generating RTLIL representation for module `\PS7'.
Generating RTLIL representation for module `\PS8'.
Generating RTLIL representation for module `\ILKN'.
Generating RTLIL representation for module `\ILKNE4'.
Generating RTLIL representation for module `\VCU'.
Generating RTLIL representation for module `\FE'.
Successfully finished Verilog frontend.

2.3. Executing HIERARCHY pass (managing design hierarchy).

2.4. Executing AST frontend in derive mode using pre-parsed AST for module `\hslm_dynamic_top'.
Generating RTLIL representation for module `\hslm_dynamic_top'.

2.4.1. Analyzing design hierarchy..
Top module:  \hslm_dynamic_top

2.4.2. Analyzing design hierarchy..
Top module:  \hslm_dynamic_top
Removing unused module `$abstract\hslm_dynamic_top'.
Removed 1 unused modules.

2.5. Executing PROC pass (convert processes to netlists).

2.5.1. Executing PROC_CLEAN pass (remove empty switches from decision trees).
Cleaned up 0 empty switches.

2.5.2. Executing PROC_RMDEAD pass (remove dead branches from decision trees).
Marked 3 switch rules as full_case in process $proc$hslm_dynamic_top.v:237$1140 in module hslm_dynamic_top.
Marked 4 switch rules as full_case in process $proc$hslm_dynamic_top.v:179$1125 in module hslm_dynamic_top.
Marked 5 switch rules as full_case in process $proc$hslm_dynamic_top.v:135$1116 in module hslm_dynamic_top.
Marked 9 switch rules as full_case in process $proc$hslm_dynamic_top.v:71$1100 in module hslm_dynamic_top.
Marked 1 switch rules as full_case in process $proc$hslm_dynamic_top.v:47$1097 in module hslm_dynamic_top.
Removed a total of 0 dead cases.

2.5.3. Executing PROC_PRUNE pass (remove redundant assignments in processes).
Removed 5 redundant assignments.
Promoted 2 assignments to connections.

2.5.4. Executing PROC_INIT pass (extract init attributes).
Found init rule in `\hslm_dynamic_top.$proc$hslm_dynamic_top.v:45$1150'.
  Set init value: \rst = 1'1
Found init rule in `\hslm_dynamic_top.$proc$hslm_dynamic_top.v:44$1149'.
  Set init value: \por_counter = 8'00000000

2.5.5. Executing PROC_ARST pass (detect async resets in processes).

2.5.6. Executing PROC_ROM pass (convert switches to ROMs).
Converted 0 switches.
<suppressed ~30 debug messages>

2.5.7. Executing PROC_MUX pass (convert decision trees to multiplexers).
Creating decoders for process `\hslm_dynamic_top.$proc$hslm_dynamic_top.v:45$1150'.
Creating decoders for process `\hslm_dynamic_top.$proc$hslm_dynamic_top.v:44$1149'.
Creating decoders for process `\hslm_dynamic_top.$proc$hslm_dynamic_top.v:237$1140'.
     1/2: $0\led_counter[24:0]
     2/2: $0\led_state[0:0]
Creating decoders for process `\hslm_dynamic_top.$proc$hslm_dynamic_top.v:179$1125'.
     1/6: $0\weight_rx_valid[0:0]
     2/6: $0\infer_rx_valid[0:0]
     3/6: $0\weight_rx_byte[7:0]
     4/6: $0\infer_rx_byte[7:0]
     5/6: $0\got_sync[0:0]
     6/6: $0\cmd_mode[1:0]
Creating decoders for process `\hslm_dynamic_top.$proc$hslm_dynamic_top.v:135$1116'.
     1/5: $0\uart_tx_reg[0:0]
     2/5: $0\tx_active[0:0]
     3/5: $0\tx_shift[7:0]
     4/5: $0\tx_bit_idx[3:0]
     5/5: $0\baud_counter[15:0]
Creating decoders for process `\hslm_dynamic_top.$proc$hslm_dynamic_top.v:71$1100'.
     1/7: $0\rx_valid[0:0]
     2/7: $0\rx_byte[7:0]
     3/7: $0\rx_sample_cnt[3:0]
     4/7: $0\rx_shift[7:0]
     5/7: $0\rx_bit_cnt[3:0]
     6/7: $0\rx_clk_div[15:0]
     7/7: $0\rx_state[1:0]
Creating decoders for process `\hslm_dynamic_top.$proc$hslm_dynamic_top.v:47$1097'.
     1/2: $0\rst[0:0]
     2/2: $0\por_counter[7:0]

2.5.8. Executing PROC_DLATCH pass (convert process syncs to latches).

2.5.9. Executing PROC_DFF pass (convert process syncs to FFs).
Creating register for signal `\hslm_dynamic_top.\led_counter' using process `\hslm_dynamic_top.$proc$hslm_dynamic_top.v:237$1140'.
  created $dff cell `$procdff$1470' with positive edge clock.
Creating register for signal `\hslm_dynamic_top.\led_state' using process `\hslm_dynamic_top.$proc$hslm_dynamic_top.v:237$1140'.
  created $dff cell `$procdff$1471' with positive edge clock.
Creating register for signal `\hslm_dynamic_top.\cmd_mode' using process `\hslm_dynamic_top.$proc$hslm_dynamic_top.v:179$1125'.
  created $dff cell `$procdff$1472' with positive edge clock.
Creating register for signal `\hslm_dynamic_top.\got_sync' using process `\hslm_dynamic_top.$proc$hslm_dynamic_top.v:179$1125'.
  created $dff cell `$procdff$1473' with positive edge clock.
Creating register for signal `\hslm_dynamic_top.\infer_rx_valid' using process `\hslm_dynamic_top.$proc$hslm_dynamic_top.v:179$1125'.
  created $dff cell `$procdff$1474' with positive edge clock.
Creating register for signal `\hslm_dynamic_top.\infer_rx_byte' using process `\hslm_dynamic_top.$proc$hslm_dynamic_top.v:179$1125'.
  created $dff cell `$procdff$1475' with positive edge clock.
Creating register for signal `\hslm_dynamic_top.\weight_rx_valid' using process `\hslm_dynamic_top.$proc$hslm_dynamic_top.v:179$1125'.
  created $dff cell `$procdff$1476' with positive edge clock.
Creating register for signal `\hslm_dynamic_top.\weight_rx_byte' using process `\hslm_dynamic_top.$proc$hslm_dynamic_top.v:179$1125'.
  created $dff cell `$procdff$1477' with positive edge clock.
Creating register for signal `\hslm_dynamic_top.\baud_counter' using process `\hslm_dynamic_top.$proc$hslm_dynamic_top.v:135$1116'.
  created $dff cell `$procdff$1478' with positive edge clock.
Creating register for signal `\hslm_dynamic_top.\tx_bit_idx' using process `\hslm_dynamic_top.$proc$hslm_dynamic_top.v:135$1116'.
  created $dff cell `$procdff$1479' with positive edge clock.
Creating register for signal `\hslm_dynamic_top.\tx_shift' using process `\hslm_dynamic_top.$proc$hslm_dynamic_top.v:135$1116'.
  created $dff cell `$procdff$1480' with positive edge clock.
Creating register for signal `\hslm_dynamic_top.\tx_active' using process `\hslm_dynamic_top.$proc$hslm_dynamic_top.v:135$1116'.
  created $dff cell `$procdff$1481' with positive edge clock.
Creating register for signal `\hslm_dynamic_top.\uart_tx_reg' using process `\hslm_dynamic_top.$proc$hslm_dynamic_top.v:135$1116'.
  created $dff cell `$procdff$1482' with positive edge clock.
Creating register for signal `\hslm_dynamic_top.\rx_state' using process `\hslm_dynamic_top.$proc$hslm_dynamic_top.v:71$1100'.
  created $dff cell `$procdff$1483' with positive edge clock.
Creating register for signal `\hslm_dynamic_top.\rx_clk_div' using process `\hslm_dynamic_top.$proc$hslm_dynamic_top.v:71$1100'.
  created $dff cell `$procdff$1484' with positive edge clock.
Creating register for signal `\hslm_dynamic_top.\rx_bit_cnt' using process `\hslm_dynamic_top.$proc$hslm_dynamic_top.v:71$1100'.
  created $dff cell `$procdff$1485' with positive edge clock.
Creating register for signal `\hslm_dynamic_top.\rx_shift' using process `\hslm_dynamic_top.$proc$hslm_dynamic_top.v:71$1100'.
  created $dff cell `$procdff$1486' with positive edge clock.
Creating register for signal `\hslm_dynamic_top.\rx_sample_cnt' using process `\hslm_dynamic_top.$proc$hslm_dynamic_top.v:71$1100'.
  created $dff cell `$procdff$1487' with positive edge clock.
Creating register for signal `\hslm_dynamic_top.\rx_valid' using process `\hslm_dynamic_top.$proc$hslm_dynamic_top.v:71$1100'.
  created $dff cell `$procdff$1488' with positive edge clock.
Creating register for signal `\hslm_dynamic_top.\rx_byte' using process `\hslm_dynamic_top.$proc$hslm_dynamic_top.v:71$1100'.
  created $dff cell `$procdff$1489' with positive edge clock.
Creating register for signal `\hslm_dynamic_top.\por_counter' using process `\hslm_dynamic_top.$proc$hslm_dynamic_top.v:47$1097'.
  created $dff cell `$procdff$1490' with positive edge clock.
Creating register for signal `\hslm_dynamic_top.\rst' using process `\hslm_dynamic_top.$proc$hslm_dynamic_top.v:47$1097'.
  created $dff cell `$procdff$1491' with positive edge clock.

2.5.10. Executing PROC_MEMWR pass (convert process memory writes to cells).

2.5.11. Executing PROC_CLEAN pass (remove empty switches from decision trees).
Removing empty process `hslm_dynamic_top.$proc$hslm_dynamic_top.v:45$1150'.
Removing empty process `hslm_dynamic_top.$proc$hslm_dynamic_top.v:44$1149'.
Found and cleaned up 5 empty switches in `\hslm_dynamic_top.$proc$hslm_dynamic_top.v:237$1140'.
Removing empty process `hslm_dynamic_top.$proc$hslm_dynamic_top.v:237$1140'.
Found and cleaned up 8 empty switches in `\hslm_dynamic_top.$proc$hslm_dynamic_top.v:179$1125'.
Removing empty process `hslm_dynamic_top.$proc$hslm_dynamic_top.v:179$1125'.
Found and cleaned up 6 empty switches in `\hslm_dynamic_top.$proc$hslm_dynamic_top.v:135$1116'.
Removing empty process `hslm_dynamic_top.$proc$hslm_dynamic_top.v:135$1116'.
Found and cleaned up 10 empty switches in `\hslm_dynamic_top.$proc$hslm_dynamic_top.v:71$1100'.
Removing empty process `hslm_dynamic_top.$proc$hslm_dynamic_top.v:71$1100'.
Found and cleaned up 1 empty switch in `\hslm_dynamic_top.$proc$hslm_dynamic_top.v:47$1097'.
Removing empty process `hslm_dynamic_top.$proc$hslm_dynamic_top.v:47$1097'.
Cleaned up 30 empty switches.

2.5.12. Executing OPT_EXPR pass (perform const folding).
Optimizing module hslm_dynamic_top.
<suppressed ~16 debug messages>

2.6. Executing FLATTEN pass (flatten design).

2.7. Executing TRIBUF pass.

2.8. Executing DEMINOUT pass (demote inout ports to input or output).

2.9. Executing OPT_EXPR pass (perform const folding).
Optimizing module hslm_dynamic_top.

2.10. Executing OPT_CLEAN pass (remove unused cells and wires).
Finding unused cells or wires in module \hslm_dynamic_top..
Removed 38 unused cells and 176 unused wires.
<suppressed ~50 debug messages>

2.11. Executing CHECK pass (checking for obvious problems).
Checking module hslm_dynamic_top...
Warning: Wire hslm_dynamic_top.\tx_send is used but has no driver.
Warning: Wire hslm_dynamic_top.\debug_state [0] is used but has no driver.
Warning: Wire hslm_dynamic_top.\tx_byte [7] is used but has no driver.
Warning: Wire hslm_dynamic_top.\tx_byte [6] is used but has no driver.
Warning: Wire hslm_dynamic_top.\tx_byte [5] is used but has no driver.
Warning: Wire hslm_dynamic_top.\tx_byte [4] is used but has no driver.
Warning: Wire hslm_dynamic_top.\tx_byte [3] is used but has no driver.
Warning: Wire hslm_dynamic_top.\tx_byte [2] is used but has no driver.
Warning: Wire hslm_dynamic_top.\tx_byte [1] is used but has no driver.
Warning: Wire hslm_dynamic_top.\tx_byte [0] is used but has no driver.
Found and reported 10 problems.

2.12. Executing OPT pass (performing simple optimizations).

2.12.1. Executing OPT_EXPR pass (perform const folding).
Optimizing module hslm_dynamic_top.

2.12.2. Executing OPT_MERGE pass (detect identical cells).
Finding identical cells in module `\hslm_dynamic_top'.
Computing hashes of 159 cells of `\hslm_dynamic_top'.
Finding duplicate cells in `\hslm_dynamic_top'.
Computing hashes of 138 cells of `\hslm_dynamic_top'.
Finding duplicate cells in `\hslm_dynamic_top'.
<suppressed ~63 debug messages>
Removed a total of 21 cells.

2.12.3. Executing OPT_MUXTREE pass (detect dead branches in mux trees).
Running muxtree optimizer on module \hslm_dynamic_top..
  Creating internal representation of mux trees.
  Evaluating internal representation of mux trees.
      Replacing known input bits on port A of cell $procmux$1289: \tx_active -> 1'0
      Replacing known input bits on port B of cell $procmux$1287: \tx_active -> 1'1
      Replacing known input bits on port B of cell $procmux$1284: \tx_active -> 1'1
      Replacing known input bits on port B of cell $procmux$1281: \tx_active -> 1'1
      Replacing known input bits on port A of cell $procmux$1242: \got_sync -> 1'0
  Analyzing evaluation results.
Removed 0 multiplexer ports.
<suppressed ~106 debug messages>

2.12.4. Executing OPT_REDUCE pass (consolidate $*mux and $reduce_* inputs).
  Optimizing cells in module \hslm_dynamic_top.
Performed a total of 0 changes.

2.12.5. Executing OPT_MERGE pass (detect identical cells).
Finding identical cells in module `\hslm_dynamic_top'.
Computing hashes of 138 cells of `\hslm_dynamic_top'.
Finding duplicate cells in `\hslm_dynamic_top'.
Computing hashes of 137 cells of `\hslm_dynamic_top'.
Finding duplicate cells in `\hslm_dynamic_top'.
<suppressed ~3 debug messages>
Removed a total of 1 cells.

2.12.6. Executing OPT_DFF pass (perform DFF optimizations).

2.12.7. Executing OPT_CLEAN pass (remove unused cells and wires).
Finding unused cells or wires in module \hslm_dynamic_top..
Removed 0 unused cells and 22 unused wires.
<suppressed ~1 debug messages>

2.12.8. Executing OPT_EXPR pass (perform const folding).
Optimizing module hslm_dynamic_top.

2.12.9. Rerunning OPT passes. (Maybe there is more to do..)

2.12.10. Executing OPT_MUXTREE pass (detect dead branches in mux trees).
Running muxtree optimizer on module \hslm_dynamic_top..
  Creating internal representation of mux trees.
  Evaluating internal representation of mux trees.
  Analyzing evaluation results.
Removed 0 multiplexer ports.
<suppressed ~106 debug messages>

2.12.11. Executing OPT_REDUCE pass (consolidate $*mux and $reduce_* inputs).
  Optimizing cells in module \hslm_dynamic_top.
    New ctrl vector for $pmux cell $procmux$1417: { $procmux$1373_CMP $auto$opt_reduce.cc:137:opt_pmux$1493 $procmux$1343_CMP }
  Optimizing cells in module \hslm_dynamic_top.
Performed a total of 1 changes.

2.12.12. Executing OPT_MERGE pass (detect identical cells).
Finding identical cells in module `\hslm_dynamic_top'.
Computing hashes of 138 cells of `\hslm_dynamic_top'.
Finding duplicate cells in `\hslm_dynamic_top'.
Removed a total of 0 cells.

2.12.13. Executing OPT_DFF pass (perform DFF optimizations).

2.12.14. Executing OPT_CLEAN pass (remove unused cells and wires).
Finding unused cells or wires in module \hslm_dynamic_top..

2.12.15. Executing OPT_EXPR pass (perform const folding).
Optimizing module hslm_dynamic_top.

2.12.16. Rerunning OPT passes. (Maybe there is more to do..)

2.12.17. Executing OPT_MUXTREE pass (detect dead branches in mux trees).
Running muxtree optimizer on module \hslm_dynamic_top..
  Creating internal representation of mux trees.
  Evaluating internal representation of mux trees.
  Analyzing evaluation results.
Removed 0 multiplexer ports.
<suppressed ~105 debug messages>

2.12.18. Executing OPT_REDUCE pass (consolidate $*mux and $reduce_* inputs).
  Optimizing cells in module \hslm_dynamic_top.
Performed a total of 0 changes.

2.12.19. Executing OPT_MERGE pass (detect identical cells).
Finding identical cells in module `\hslm_dynamic_top'.
Computing hashes of 138 cells of `\hslm_dynamic_top'.
Finding duplicate cells in `\hslm_dynamic_top'.
Removed a total of 0 cells.

2.12.20. Executing OPT_DFF pass (perform DFF optimizations).

2.12.21. Executing OPT_CLEAN pass (remove unused cells and wires).
Finding unused cells or wires in module \hslm_dynamic_top..

2.12.22. Executing OPT_EXPR pass (perform const folding).
Optimizing module hslm_dynamic_top.

2.12.23. Finished fast OPT passes. (There is nothing left to do.)

2.13. Executing FSM pass (extract and optimize FSM).

2.13.1. Executing FSM_DETECT pass (finding FSMs in design).
Found FSM state register hslm_dynamic_top.cmd_mode.
Found FSM state register hslm_dynamic_top.rx_state.

2.13.2. Executing FSM_EXTRACT pass (extracting FSM from design).
Extracting FSM `\cmd_mode' from module `\hslm_dynamic_top'.
  found $dff cell for state register: $procdff$1472
  root of input selection tree: $0\cmd_mode[1:0]
  found reset state: 2'00 (guessed from mux tree)
  found ctrl input: \rst
  found ctrl input: \rx_valid
  found ctrl input: \got_sync
  found ctrl input: $logic_and$hslm_dynamic_top.v:197$1130_Y
  found ctrl input: $logic_and$hslm_dynamic_top.v:201$1133_Y
  found state code: 2'10
  found state code: 2'01
  found state code: 2'00
  found ctrl output: \debug_state [1]
  ctrl inputs: { $logic_and$hslm_dynamic_top.v:201$1133_Y $logic_and$hslm_dynamic_top.v:197$1130_Y \got_sync \rx_valid \rst }
  ctrl outputs: { $0\cmd_mode[1:0] \debug_state [1] }
  transition:       2'00 5'---00 ->       2'00 3'000
  transition:       2'00 5'--010 ->       2'00 3'000
  transition:       2'00 5'00110 ->       2'00 3'000
  transition:       2'00 5'10110 ->       2'10 3'100
  transition:       2'00 5'-1110 ->       2'01 3'010
  transition:       2'00 5'----1 ->       2'00 3'000
  transition:       2'10 5'---00 ->       2'10 3'100
  transition:       2'10 5'--010 ->       2'10 3'100
  transition:       2'10 5'00110 ->       2'10 3'100
  transition:       2'10 5'10110 ->       2'10 3'100
  transition:       2'10 5'-1110 ->       2'01 3'010
  transition:       2'10 5'----1 ->       2'00 3'000
  transition:       2'01 5'---00 ->       2'01 3'011
  transition:       2'01 5'--010 ->       2'01 3'011
  transition:       2'01 5'00110 ->       2'01 3'011
  transition:       2'01 5'10110 ->       2'10 3'101
  transition:       2'01 5'-1110 ->       2'01 3'011
  transition:       2'01 5'----1 ->       2'00 3'001
Extracting FSM `\rx_state' from module `\hslm_dynamic_top'.
  found $dff cell for state register: $procdff$1483
  root of input selection tree: $0\rx_state[1:0]
  found reset state: 2'00 (guessed from mux tree)
  found ctrl input: \rst
  found ctrl input: $procmux$1343_CMP
  found ctrl input: $procmux$1363_CMP
  found ctrl input: $procmux$1370_CMP
  found ctrl input: $procmux$1373_CMP
  found ctrl input: $eq$hslm_dynamic_top.v:110$1113_Y
  found state code: 2'00
  found ctrl input: $eq$hslm_dynamic_top.v:99$1108_Y
  found ctrl input: $eq$hslm_dynamic_top.v:101$1109_Y
  found state code: 2'11
  found ctrl input: $eq$hslm_dynamic_top.v:88$1103_Y
  found ctrl input: \uart_rx
  found state code: 2'10
  found state code: 2'01
  found ctrl output: $procmux$1343_CMP
  found ctrl output: $procmux$1363_CMP
  found ctrl output: $procmux$1370_CMP
  found ctrl output: $procmux$1373_CMP
  ctrl inputs: { $eq$hslm_dynamic_top.v:110$1113_Y $eq$hslm_dynamic_top.v:101$1109_Y $eq$hslm_dynamic_top.v:99$1108_Y $eq$hslm_dynamic_top.v:88$1103_Y \rst \uart_rx }
  ctrl outputs: { $procmux$1373_CMP $procmux$1370_CMP $procmux$1363_CMP $procmux$1343_CMP $0\rx_state[1:0] }
  transition:       2'00 6'----00 ->       2'01 6'100001
  transition:       2'00 6'----01 ->       2'00 6'100000
  transition:       2'00 6'----1- ->       2'00 6'100000
  transition:       2'10 6'0---0- ->       2'10 6'001010
  transition:       2'10 6'1-0-0- ->       2'10 6'001010
  transition:       2'10 6'101-0- ->       2'10 6'001010
  transition:       2'10 6'111-0- ->       2'11 6'001011
  transition:       2'10 6'----1- ->       2'00 6'001000
  transition:       2'01 6'0---0- ->       2'01 6'010001
  transition:       2'01 6'1--00- ->       2'01 6'010001
  transition:       2'01 6'1--100 ->       2'10 6'010010
  transition:       2'01 6'1--101 ->       2'00 6'010000
  transition:       2'01 6'----1- ->       2'00 6'010000
  transition:       2'11 6'0---0- ->       2'11 6'000111
  transition:       2'11 6'1---0- ->       2'00 6'000100
  transition:       2'11 6'----1- ->       2'00 6'000100

2.13.3. Executing FSM_OPT pass (simple optimizations of FSMs).
Optimizing FSM `$fsm$\rx_state$1497' from module `\hslm_dynamic_top'.
Optimizing FSM `$fsm$\cmd_mode$1494' from module `\hslm_dynamic_top'.
  Merging pattern 5'00110 and 5'10110 from group (1 1 3'100).
  Merging pattern 5'10110 and 5'00110 from group (1 1 3'100).

2.13.4. Executing OPT_CLEAN pass (remove unused cells and wires).
Finding unused cells or wires in module \hslm_dynamic_top..
Removed 22 unused cells and 22 unused wires.
<suppressed ~23 debug messages>

2.13.5. Executing FSM_OPT pass (simple optimizations of FSMs).
Optimizing FSM `$fsm$\cmd_mode$1494' from module `\hslm_dynamic_top'.
  Removing unused output signal $0\cmd_mode[1:0] [0].
  Removing unused output signal $0\cmd_mode[1:0] [1].
Optimizing FSM `$fsm$\rx_state$1497' from module `\hslm_dynamic_top'.
  Removing unused output signal $0\rx_state[1:0] [0].
  Removing unused output signal $0\rx_state[1:0] [1].

2.13.6. Executing FSM_RECODE pass (re-assigning FSM state encoding).
Recoding FSM `$fsm$\cmd_mode$1494' from module `\hslm_dynamic_top' using `auto' encoding:
  mapping auto encoding to `one-hot` for this FSM.
  00 -> --1
  10 -> -1-
  01 -> 1--
Recoding FSM `$fsm$\rx_state$1497' from module `\hslm_dynamic_top' using `auto' encoding:
  mapping auto encoding to `one-hot` for this FSM.
  00 -> ---1
  10 -> --1-
  01 -> -1--
  11 -> 1---

2.13.7. Executing FSM_INFO pass (dumping all available information on FSM cells).

FSM `$fsm$\cmd_mode$1494' from module `hslm_dynamic_top':
-------------------------------------

  Information on FSM $fsm$\cmd_mode$1494 (\cmd_mode):

  Number of input signals:    5
  Number of output signals:   1
  Number of state bits:       3

  Input signals:
    0: \rst
    1: \rx_valid
    2: \got_sync
    3: $logic_and$hslm_dynamic_top.v:197$1130_Y
    4: $logic_and$hslm_dynamic_top.v:201$1133_Y

  Output signals:
    0: \debug_state [1]

  State encoding:
    0:      3'--1  <RESET STATE>
    1:      3'-1-
    2:      3'1--

  Transition Table (state_in, ctrl_in, state_out, ctrl_out):
      0:     0 5'---00   ->     0 1'0
      1:     0 5'--010   ->     0 1'0
      2:     0 5'00110   ->     0 1'0
      3:     0 5'----1   ->     0 1'0
      4:     0 5'10110   ->     1 1'0
      5:     0 5'-1110   ->     2 1'0
      6:     1 5'----1   ->     0 1'0
      7:     1 5'---00   ->     1 1'0
      8:     1 5'--010   ->     1 1'0
      9:     1 5'-0110   ->     1 1'0
     10:     1 5'-1110   ->     2 1'0
     11:     2 5'----1   ->     0 1'1
     12:     2 5'10110   ->     1 1'1
     13:     2 5'---00   ->     2 1'1
     14:     2 5'--010   ->     2 1'1
     15:     2 5'00110   ->     2 1'1
     16:     2 5'-1110   ->     2 1'1

-------------------------------------

FSM `$fsm$\rx_state$1497' from module `hslm_dynamic_top':
-------------------------------------

  Information on FSM $fsm$\rx_state$1497 (\rx_state):

  Number of input signals:    6
  Number of output signals:   4
  Number of state bits:       4

  Input signals:
    0: \uart_rx
    1: \rst
    2: $eq$hslm_dynamic_top.v:88$1103_Y
    3: $eq$hslm_dynamic_top.v:99$1108_Y
    4: $eq$hslm_dynamic_top.v:101$1109_Y
    5: $eq$hslm_dynamic_top.v:110$1113_Y

  Output signals:
    0: $procmux$1343_CMP
    1: $procmux$1363_CMP
    2: $procmux$1370_CMP
    3: $procmux$1373_CMP

  State encoding:
    0:     4'---1  <RESET STATE>
    1:     4'--1-
    2:     4'-1--
    3:     4'1---

  Transition Table (state_in, ctrl_in, state_out, ctrl_out):
      0:     0 6'----01   ->     0 4'1000
      1:     0 6'----1-   ->     0 4'1000
      2:     0 6'----00   ->     2 4'1000
      3:     1 6'----1-   ->     0 4'0010
      4:     1 6'1-0-0-   ->     1 4'0010
      5:     1 6'101-0-   ->     1 4'0010
      6:     1 6'0---0-   ->     1 4'0010
      7:     1 6'111-0-   ->     3 4'0010
      8:     2 6'1--101   ->     0 4'0100
      9:     2 6'----1-   ->     0 4'0100
     10:     2 6'1--100   ->     1 4'0100
     11:     2 6'1--00-   ->     2 4'0100
     12:     2 6'0---0-   ->     2 4'0100
     13:     3 6'1---0-   ->     0 4'0001
     14:     3 6'----1-   ->     0 4'0001
     15:     3 6'0---0-   ->     3 4'0001

-------------------------------------

2.13.8. Executing FSM_MAP pass (mapping FSMs to basic logic).
Mapping FSM `$fsm$\cmd_mode$1494' from module `\hslm_dynamic_top'.
Mapping FSM `$fsm$\rx_state$1497' from module `\hslm_dynamic_top'.

2.14. Executing OPT pass (performing simple optimizations).

2.14.1. Executing OPT_EXPR pass (perform const folding).
Optimizing module hslm_dynamic_top.
<suppressed ~9 debug messages>

2.14.2. Executing OPT_MERGE pass (detect identical cells).
Finding identical cells in module `\hslm_dynamic_top'.
Computing hashes of 169 cells of `\hslm_dynamic_top'.
Finding duplicate cells in `\hslm_dynamic_top'.
Computing hashes of 162 cells of `\hslm_dynamic_top'.
Finding duplicate cells in `\hslm_dynamic_top'.
<suppressed ~21 debug messages>
Removed a total of 7 cells.

2.14.3. Executing OPT_MUXTREE pass (detect dead branches in mux trees).
Running muxtree optimizer on module \hslm_dynamic_top..
  Creating internal representation of mux trees.
  Evaluating internal representation of mux trees.
  Analyzing evaluation results.
Removed 0 multiplexer ports.
<suppressed ~88 debug messages>

2.14.4. Executing OPT_REDUCE pass (consolidate $*mux and $reduce_* inputs).
  Optimizing cells in module \hslm_dynamic_top.
Performed a total of 0 changes.

2.14.5. Executing OPT_MERGE pass (detect identical cells).
Finding identical cells in module `\hslm_dynamic_top'.
Computing hashes of 162 cells of `\hslm_dynamic_top'.
Finding duplicate cells in `\hslm_dynamic_top'.
Removed a total of 0 cells.

2.14.6. Executing OPT_DFF pass (perform DFF optimizations).
Adding EN signal on $procdff$1490 ($dff) from module hslm_dynamic_top (D = $add$hslm_dynamic_top.v:49$1099_Y [7:0], Q = \por_counter).
Adding EN signal on $procdff$1489 ($dff) from module hslm_dynamic_top (D = \rx_shift, Q = \rx_byte).
Adding SRST signal on $procdff$1488 ($dff) from module hslm_dynamic_top (D = $procmux$1340_Y, Q = \rx_valid, rval = 1'0).
Adding EN signal on $procdff$1487 ($dff) from module hslm_dynamic_top (D = $procmux$1362_Y, Q = \rx_sample_cnt).
Adding EN signal on $procdff$1486 ($dff) from module hslm_dynamic_top (D = { \uart_rx \rx_shift [7:1] }, Q = \rx_shift).
Adding EN signal on $procdff$1485 ($dff) from module hslm_dynamic_top (D = $procmux$1399_Y, Q = \rx_bit_cnt).
Adding EN signal on $procdff$1484 ($dff) from module hslm_dynamic_top (D = $procmux$1417_Y, Q = \rx_clk_div).
Adding SRST signal on $procdff$1482 ($dff) from module hslm_dynamic_top (D = $procmux$1275_Y, Q = \uart_tx_reg, rval = 1'1).
Adding EN signal on $auto$ff.cc:337:slice$1671 ($sdff) from module hslm_dynamic_top (D = $procmux$1275_Y, Q = \uart_tx_reg).
Adding SRST signal on $procdff$1481 ($dff) from module hslm_dynamic_top (D = $procmux$1292_Y, Q = \tx_active, rval = 1'0).
Adding EN signal on $procdff$1480 ($dff) from module hslm_dynamic_top (D = $procmux$1306_Y, Q = \tx_shift).
Adding EN signal on $procdff$1479 ($dff) from module hslm_dynamic_top (D = $procmux$1323_Y, Q = \tx_bit_idx).
Adding SRST signal on $auto$ff.cc:337:slice$1691 ($dffe) from module hslm_dynamic_top (D = $procmux$1320_Y, Q = \tx_bit_idx, rval = 4'0000).
Adding EN signal on $procdff$1478 ($dff) from module hslm_dynamic_top (D = $procmux$1334_Y, Q = \baud_counter).
Adding SRST signal on $auto$ff.cc:337:slice$1703 ($dffe) from module hslm_dynamic_top (D = $procmux$1331_Y, Q = \baud_counter, rval = 16'0000000000000000).
Adding SRST signal on $procdff$1473 ($dff) from module hslm_dynamic_top (D = $procmux$1246_Y, Q = \got_sync, rval = 1'0).
Adding EN signal on $auto$ff.cc:337:slice$1711 ($sdff) from module hslm_dynamic_top (D = $procmux$1244_Y, Q = \got_sync).
Adding SRST signal on $procdff$1471 ($dff) from module hslm_dynamic_top (D = $procmux$1172_Y, Q = \led_state, rval = 1'0).
Adding EN signal on $auto$ff.cc:337:slice$1713 ($sdff) from module hslm_dynamic_top (D = $procmux$1172_Y, Q = \led_state).
Adding SRST signal on $procdff$1470 ($dff) from module hslm_dynamic_top (D = $procmux$1159_Y, Q = \led_counter, rval = 25'0000000000000000000000000).

2.14.7. Executing OPT_CLEAN pass (remove unused cells and wires).
Finding unused cells or wires in module \hslm_dynamic_top..
Removed 24 unused cells and 43 unused wires.
<suppressed ~25 debug messages>

2.14.8. Executing OPT_EXPR pass (perform const folding).
Optimizing module hslm_dynamic_top.
<suppressed ~9 debug messages>

2.14.9. Rerunning OPT passes. (Maybe there is more to do..)

2.14.10. Executing OPT_MUXTREE pass (detect dead branches in mux trees).
Running muxtree optimizer on module \hslm_dynamic_top..
  Creating internal representation of mux trees.
  Evaluating internal representation of mux trees.
  Analyzing evaluation results.
Removed 0 multiplexer ports.
<suppressed ~61 debug messages>

2.14.11. Executing OPT_REDUCE pass (consolidate $*mux and $reduce_* inputs).
  Optimizing cells in module \hslm_dynamic_top.
Performed a total of 0 changes.

2.14.12. Executing OPT_MERGE pass (detect identical cells).
Finding identical cells in module `\hslm_dynamic_top'.
Computing hashes of 184 cells of `\hslm_dynamic_top'.
Finding duplicate cells in `\hslm_dynamic_top'.
Computing hashes of 168 cells of `\hslm_dynamic_top'.
Finding duplicate cells in `\hslm_dynamic_top'.
<suppressed ~48 debug messages>
Removed a total of 16 cells.

2.14.13. Executing OPT_DFF pass (perform DFF optimizations).

2.14.14. Executing OPT_CLEAN pass (remove unused cells and wires).
Finding unused cells or wires in module \hslm_dynamic_top..
Removed 0 unused cells and 16 unused wires.
<suppressed ~1 debug messages>

2.14.15. Executing OPT_EXPR pass (perform const folding).
Optimizing module hslm_dynamic_top.

2.14.16. Rerunning OPT passes. (Maybe there is more to do..)

2.14.17. Executing OPT_MUXTREE pass (detect dead branches in mux trees).
Running muxtree optimizer on module \hslm_dynamic_top..
  Creating internal representation of mux trees.
  Evaluating internal representation of mux trees.
  Analyzing evaluation results.
Removed 0 multiplexer ports.
<suppressed ~63 debug messages>

2.14.18. Executing OPT_REDUCE pass (consolidate $*mux and $reduce_* inputs).
  Optimizing cells in module \hslm_dynamic_top.
Performed a total of 0 changes.

2.14.19. Executing OPT_MERGE pass (detect identical cells).
Finding identical cells in module `\hslm_dynamic_top'.
Computing hashes of 168 cells of `\hslm_dynamic_top'.
Finding duplicate cells in `\hslm_dynamic_top'.
Removed a total of 0 cells.

2.14.20. Executing OPT_DFF pass (perform DFF optimizations).

2.14.21. Executing OPT_CLEAN pass (remove unused cells and wires).
Finding unused cells or wires in module \hslm_dynamic_top..

2.14.22. Executing OPT_EXPR pass (perform const folding).
Optimizing module hslm_dynamic_top.

2.14.23. Finished fast OPT passes. (There is nothing left to do.)

2.15. Executing WREDUCE pass (reducing word size of cells).
Removed top 1 bits (of 2) from port B of cell hslm_dynamic_top.$auto$opt_dff.cc:235:make_patterns_logic$1718 ($ne).
Removed top 1 bits (of 3) from port B of cell hslm_dynamic_top.$auto$opt_dff.cc:235:make_patterns_logic$1716 ($ne).
Removed top 1 bits (of 2) from port B of cell hslm_dynamic_top.$auto$opt_dff.cc:235:make_patterns_logic$1655 ($ne).
Removed top 1 bits (of 2) from port B of cell hslm_dynamic_top.$auto$opt_dff.cc:235:make_patterns_logic$1653 ($ne).
Removed top 1 bits (of 2) from port B of cell hslm_dynamic_top.$auto$opt_dff.cc:235:make_patterns_logic$1651 ($ne).
Removed top 1 bits (of 2) from port B of cell hslm_dynamic_top.$auto$opt_dff.cc:235:make_patterns_logic$1647 ($ne).
Removed top 1 bits (of 2) from port B of cell hslm_dynamic_top.$auto$fsm_map.cc:77:implement_pattern_cache$1561 ($eq).
Removed top 2 bits (of 5) from port B of cell hslm_dynamic_top.$auto$fsm_map.cc:77:implement_pattern_cache$1546 ($eq).
Removed top 1 bits (of 3) from port B of cell hslm_dynamic_top.$auto$fsm_map.cc:77:implement_pattern_cache$1542 ($eq).
Removed top 1 bits (of 4) from port B of cell hslm_dynamic_top.$auto$fsm_map.cc:77:implement_pattern_cache$1533 ($eq).
Removed top 31 bits (of 32) from port B of cell hslm_dynamic_top.$add$hslm_dynamic_top.v:49$1099 ($add).
Removed top 24 bits (of 32) from port Y of cell hslm_dynamic_top.$add$hslm_dynamic_top.v:49$1099 ($add).
Removed top 1 bits (of 4) from port B of cell hslm_dynamic_top.$eq$hslm_dynamic_top.v:88$1103 ($eq).
Removed top 1 bits (of 4) from port B of cell hslm_dynamic_top.$eq$hslm_dynamic_top.v:101$1109 ($eq).
Removed top 11 bits (of 16) from port B of cell hslm_dynamic_top.$eq$hslm_dynamic_top.v:110$1113 ($eq).
Removed top 27 bits (of 32) from port B of cell hslm_dynamic_top.$lt$hslm_dynamic_top.v:142$1119 ($lt).
Removed top 31 bits (of 32) from port B of cell hslm_dynamic_top.$add$hslm_dynamic_top.v:143$1120 ($add).
Removed top 16 bits (of 32) from port Y of cell hslm_dynamic_top.$add$hslm_dynamic_top.v:143$1120 ($add).
Removed top 31 bits (of 32) from port B of cell hslm_dynamic_top.$add$hslm_dynamic_top.v:151$1124 ($add).
Removed top 28 bits (of 32) from port Y of cell hslm_dynamic_top.$add$hslm_dynamic_top.v:151$1124 ($add).
Removed top 3 bits (of 8) from port B of cell hslm_dynamic_top.$ge$hslm_dynamic_top.v:197$1128 ($ge).
Removed top 3 bits (of 8) from port B of cell hslm_dynamic_top.$le$hslm_dynamic_top.v:197$1129 ($le).
Removed top 7 bits (of 8) from port B of cell hslm_dynamic_top.$ge$hslm_dynamic_top.v:201$1131 ($ge).
Removed top 4 bits (of 8) from port B of cell hslm_dynamic_top.$le$hslm_dynamic_top.v:201$1132 ($le).
Removed top 31 bits (of 32) from port B of cell hslm_dynamic_top.$add$hslm_dynamic_top.v:242$1141 ($add).
Removed top 7 bits (of 32) from port Y of cell hslm_dynamic_top.$add$hslm_dynamic_top.v:242$1141 ($add).
Removed top 1 bits (of 25) from port B of cell hslm_dynamic_top.$eq$hslm_dynamic_top.v:245$1142 ($eq).
Removed top 3 bits (of 25) from port B of cell hslm_dynamic_top.$eq$hslm_dynamic_top.v:251$1145 ($eq).
Removed top 7 bits (of 32) from wire hslm_dynamic_top.$add$hslm_dynamic_top.v:242$1141_Y.
Removed top 28 bits (of 32) from wire hslm_dynamic_top.$add$hslm_dynamic_top.v:149$1122_Y.
Removed top 16 bits (of 32) from wire hslm_dynamic_top.$add$hslm_dynamic_top.v:143$1120_Y.
Removed top 24 bits (of 32) from wire hslm_dynamic_top.$add$hslm_dynamic_top.v:49$1099_Y.

2.16. Executing PEEPOPT pass (run peephole optimizers).

2.17. Executing OPT_CLEAN pass (remove unused cells and wires).
Finding unused cells or wires in module \hslm_dynamic_top..
Removed 0 unused cells and 4 unused wires.
<suppressed ~1 debug messages>

2.18. Executing PMUX2SHIFTX pass.

2.19. Executing SORT pass.

2.20. Executing MEMORY_DFF pass (merging $dff cells to $memrd).

2.21. Executing TECHMAP pass (map to technology primitives).

2.21.1. Executing Verilog-2005 frontend: /opt/homebrew/bin/../share/yosys/mul2dsp.v
Parsing Verilog input from `/opt/homebrew/bin/../share/yosys/mul2dsp.v' to AST representation.
Generating RTLIL representation for module `\_80_mul'.
Generating RTLIL representation for module `\_90_soft_mul'.
Successfully finished Verilog frontend.

2.21.2. Executing Verilog-2005 frontend: /opt/homebrew/bin/../share/yosys/xilinx/xc7_dsp_map.v
Parsing Verilog input from `/opt/homebrew/bin/../share/yosys/xilinx/xc7_dsp_map.v' to AST representation.
Generating RTLIL representation for module `$__MUL25X18'.
Successfully finished Verilog frontend.

2.21.3. Continuing TECHMAP pass.
No more expansions possible.
<suppressed ~5 debug messages>

2.22. Executing OPT_EXPR pass (perform const folding).

2.23. Executing WREDUCE pass (reducing word size of cells).

2.24. Executing XILINX_DSP pass (pack resources into DSPs).

2.25. Executing TECHMAP pass (map to technology primitives).

2.25.1. Executing Verilog-2005 frontend: /opt/homebrew/bin/../share/yosys/cmp2lut.v
Parsing Verilog input from `/opt/homebrew/bin/../share/yosys/cmp2lut.v' to AST representation.
Generating RTLIL representation for module `\_90_lut_cmp_'.
Successfully finished Verilog frontend.

2.25.2. Executing Verilog-2005 frontend: /opt/homebrew/bin/../share/yosys/cmp2lcu.v
Parsing Verilog input from `/opt/homebrew/bin/../share/yosys/cmp2lcu.v' to AST representation.
Generating RTLIL representation for module `\_80_lcu_cmp_'.
Generating RTLIL representation for module `$__CMP2LCU'.
Successfully finished Verilog frontend.

2.25.3. Continuing TECHMAP pass.
Using template $paramod$de9eb661e6eee7b880f5d9b83a9fb917fccaa3ea\_80_lcu_cmp_ for cells of type $lt.
Using template $paramod$09228f3ae4fe79645105128c61d973caec4be653\_80_lcu_cmp_ for cells of type $lt.
Using template $paramod$d8a8e5762defe90e659a6be8dee4b5ead1706e5b\_80_lcu_cmp_ for cells of type $lt.
Using template $paramod$10ce0b7d40db60bf97530a26ecef857ce6c9faf6\_80_lcu_cmp_ for cells of type $ge.
Using template $paramod$d8957734c5bd7a3a185f4d50f3d1577246637a0a\_80_lcu_cmp_ for cells of type $le.
Using template $paramod$5a9db820d00d82dced1caf1305cbf7be709f8e41\_80_lcu_cmp_ for cells of type $ge.
Using template $paramod$c5e7d98770393b1bf2a74830bafec14d0377175a\_80_lcu_cmp_ for cells of type $le.
Using template $paramod$cf90b866369198bde670e455171bc4a6ccc82456\_80_lcu_cmp_ for cells of type $gt.
Using template $paramod$9c40bfea3525ef640ed61fa797cf1716083e10a7\_80_lcu_cmp_ for cells of type $gt.
Using template $paramod$51c3f858cbd57f5e7357fcbdbed8cec97fb3da61\_80_lcu_cmp_ for cells of type $gt.
Using template $paramod$d2ff62c38c7ef9bd75058603a154a7c1a6bb7b90$__CMP2LCU for cells of type $__CMP2LCU.
Using template $paramod$505f05e6c93b553eda11a513ec79e0e1908596ba\_80_lcu_cmp_ for cells of type $ge.
Using template $paramod$4bdd581638c65bdb75a9ef1c904e553f489ba629\_80_lcu_cmp_ for cells of type $ge.
Using template $paramod$d77dc0297f06d6a7135b58ab87b8d64621a87bf3$__CMP2LCU for cells of type $__CMP2LCU.
Using template $paramod$b21dae0014d24d1ab306f0f0cb9165e2eeb69bee$__CMP2LCU for cells of type $__CMP2LCU.
Using template $paramod$412580fbecc4ffa89226da87698fd0a360ff0ba9$__CMP2LCU for cells of type $__CMP2LCU.
Using template $paramod$b36246af65a543bd56782d5ad9650de15b6cee2d$__CMP2LCU for cells of type $__CMP2LCU.
Using template $paramod$2ceb6b4b5131e85097496893fed38c6447e4f636$__CMP2LCU for cells of type $__CMP2LCU.
Using template $paramod$888548294605cadc0bce5ae3c8fe0b045c51f9c6$__CMP2LCU for cells of type $__CMP2LCU.
Using template $paramod$b25aac6548b14bdb1d4027b921b3a609355d5680$__CMP2LCU for cells of type $__CMP2LCU.
Using template $paramod$5a4d77ac66e2ba111de43452349a1937831fcbbb$__CMP2LCU for cells of type $__CMP2LCU.
Using template $paramod$59ef09c640046ce885f1e29c52d711ba2d4ceff6$__CMP2LCU for cells of type $__CMP2LCU.
Using template $paramod$50de89db3df35d697eea57a2971c8287a97b6104$__CMP2LCU for cells of type $__CMP2LCU.
Using template $paramod$0a7edf7512be250942a2f57d92387a4754b3ab52$__CMP2LCU for cells of type $__CMP2LCU.
Using template $paramod$7f4a4c4651d8e51142a51f5cd66473bac608541e$__CMP2LCU for cells of type $__CMP2LCU.
Using template $paramod$d97874404b82ffd5befcf56f882c444d64ec9fa5$__CMP2LCU for cells of type $__CMP2LCU.
Using template $paramod$5c78b7b9dc41b107bc7b49a8c1b2bda68cb7996e$__CMP2LCU for cells of type $__CMP2LCU.
Using template $paramod$2474d62acccdb8576665153c98f9e2a122360fae$__CMP2LCU for cells of type $__CMP2LCU.
Using template $paramod$21291d7b8f48b221e34bcdb073026f9cd77eeb89$__CMP2LCU for cells of type $__CMP2LCU.
Using template $paramod$9b48c13f6ee139ffd868f987a3c23519dd687b87$__CMP2LCU for cells of type $__CMP2LCU.
Using template $paramod$4cd940e5db376015060af75b10fbc225ed3011be$__CMP2LCU for cells of type $__CMP2LCU.
Using template $paramod$36f56ea6daf557e6f0945def1a9a49ab55545138$__CMP2LCU for cells of type $__CMP2LCU.
Using template $paramod$6869fdb643f17c013983afefca4eabb027b5355c$__CMP2LCU for cells of type $__CMP2LCU.
Using template $paramod$67536f5ff68be3819b3d62e5e5d77c6f6035105d$__CMP2LCU for cells of type $__CMP2LCU.
Using template $paramod$62cf0aed4f1287d05405733bd8c0de7f1a790d8a$__CMP2LCU for cells of type $__CMP2LCU.
Using template $paramod$db02a46a286ea895edb5c4502c36f849ae1fd15a$__CMP2LCU for cells of type $__CMP2LCU.
Using template $paramod$5b1a2df74ec4382f9c5416dfd8f1df80eb13b16a$__CMP2LCU for cells of type $__CMP2LCU.
Using template $paramod$bc4159e909f22fa81f9005fa8f48ad449598fe0a$__CMP2LCU for cells of type $__CMP2LCU.
Using template $paramod$3e0abc24c66e2ab4ff4b71800b10ecdaf3807fe7$__CMP2LCU for cells of type $__CMP2LCU.
Using template $paramod$98166957ac12eea64cd6583be54bb675ddb81494$__CMP2LCU for cells of type $__CMP2LCU.
Using template $paramod$a1e92949f95a80c4900c5cf539dde5123d4f9add$__CMP2LCU for cells of type $__CMP2LCU.
Using template $paramod$481cb9e0c2fc2443dd51ada0ca81b88d753555c7$__CMP2LCU for cells of type $__CMP2LCU.
Using template $paramod$d1c63ed44eb65dc22ff89c88e0d27633f13a765d$__CMP2LCU for cells of type $__CMP2LCU.
Using template $paramod$561a9b977b6bb53998d6a59827bb207f04d976c1$__CMP2LCU for cells of type $__CMP2LCU.
Using template $paramod$c22bcee940d873a46f293003582712474b610ae7$__CMP2LCU for cells of type $__CMP2LCU.
Using template $paramod$65ed4aa6a569a25f6a9bb24392657d8bca40a2f8$__CMP2LCU for cells of type $__CMP2LCU.
Using template $paramod$01be8f0e3dae8541dee7dc734afdb4eca045a621$__CMP2LCU for cells of type $__CMP2LCU.
Using template $paramod$befe0c0d9ea1dabbf9289f94adb6119b6815c19d$__CMP2LCU for cells of type $__CMP2LCU.
Using template $paramod$093a23630d0c75c0e728c3faadc750f9381c23c5$__CMP2LCU for cells of type $__CMP2LCU.
Using template $paramod$abd3e3ec56ca8c4e96e0f454de33fb628df4cd44$__CMP2LCU for cells of type $__CMP2LCU.
Using template $paramod$07273b2bd8564267537da858ad05179b73d08371$__CMP2LCU for cells of type $__CMP2LCU.
Using template $paramod$ec5f95f9dce56865576df386f29795b51d339c68$__CMP2LCU for cells of type $__CMP2LCU.
Using template $paramod$3610575dd7114a9ff7a07ef8a8e511252300b81e$__CMP2LCU for cells of type $__CMP2LCU.
Using template $paramod$c3fcbbd760b11a645a84e725c760cee33f76a02d$__CMP2LCU for cells of type $__CMP2LCU.
Using template $paramod$450c268c12fc6efbfb4aeeb63d5fb4806d4fba29$__CMP2LCU for cells of type $__CMP2LCU.
Using template $paramod$316f26711b72417234a01da6f8ffa69598ec7bb8$__CMP2LCU for cells of type $__CMP2LCU.
Using template $paramod$cbc1a3f8cd55bc859368f75f0ddb3170133ae662$__CMP2LCU for cells of type $__CMP2LCU.
Using template $paramod$967f74975042bd569ff7b927bd0deb9af866806e$__CMP2LCU for cells of type $__CMP2LCU.
Using template $paramod$dd030be97b597df7b66c352fc3b1ca9e827c0805$__CMP2LCU for cells of type $__CMP2LCU.
Using template $paramod$390ab4ef0c72481bc59512356a5b66a8053f39e7$__CMP2LCU for cells of type $__CMP2LCU.
Using template $paramod$d38ad95e6c046c39d9325409a27296c71dddd89e$__CMP2LCU for cells of type $__CMP2LCU.
Using template $paramod$e1786feb41cb0b192b3d02d17f0390edee59f05c$__CMP2LCU for cells of type $__CMP2LCU.
Using template $paramod$42b9a2776b52cfc40aa2b6f9fa11a70a9d780506$__CMP2LCU for cells of type $__CMP2LCU.
Using template $paramod$295ffa2716aea37566449ed1727c23f1ed71ad09$__CMP2LCU for cells of type $__CMP2LCU.
Using template $paramod$595a92826cf5dbaac4bdf1a90c7a46615bb32169$__CMP2LCU for cells of type $__CMP2LCU.
No more expansions possible.
<suppressed ~1670 debug messages>

2.26. Executing ALUMACC pass (create $alu and $macc cells).
Extracting $alu and $macc cells in module hslm_dynamic_top:
  creating $macc model for $add$hslm_dynamic_top.v:105$1111 ($add).
  creating $macc model for $add$hslm_dynamic_top.v:115$1114 ($add).
  creating $macc model for $add$hslm_dynamic_top.v:143$1120 ($add).
  creating $macc model for $add$hslm_dynamic_top.v:151$1124 ($add).
  creating $macc model for $add$hslm_dynamic_top.v:242$1141 ($add).
  creating $macc model for $add$hslm_dynamic_top.v:49$1099 ($add).
  creating $macc model for $add$hslm_dynamic_top.v:102$1110 ($add).
  creating $alu model for $macc $add$hslm_dynamic_top.v:102$1110.
  creating $alu model for $macc $add$hslm_dynamic_top.v:49$1099.
  creating $alu model for $macc $add$hslm_dynamic_top.v:242$1141.
  creating $alu model for $macc $add$hslm_dynamic_top.v:151$1124.
  creating $alu model for $macc $add$hslm_dynamic_top.v:143$1120.
  creating $alu model for $macc $add$hslm_dynamic_top.v:115$1114.
  creating $alu model for $macc $add$hslm_dynamic_top.v:105$1111.
  creating $alu cell for $add$hslm_dynamic_top.v:105$1111: $auto$alumacc.cc:512:replace_alu$2073
  creating $alu cell for $add$hslm_dynamic_top.v:115$1114: $auto$alumacc.cc:512:replace_alu$2076
  creating $alu cell for $add$hslm_dynamic_top.v:143$1120: $auto$alumacc.cc:512:replace_alu$2079
  creating $alu cell for $add$hslm_dynamic_top.v:151$1124: $auto$alumacc.cc:512:replace_alu$2082
  creating $alu cell for $add$hslm_dynamic_top.v:242$1141: $auto$alumacc.cc:512:replace_alu$2085
  creating $alu cell for $add$hslm_dynamic_top.v:49$1099: $auto$alumacc.cc:512:replace_alu$2088
  creating $alu cell for $add$hslm_dynamic_top.v:102$1110: $auto$alumacc.cc:512:replace_alu$2091
  created 7 $alu and 0 $macc cells.

2.27. Executing SHARE pass (SAT-based resource sharing).

2.28. Executing OPT pass (performing simple optimizations).

2.28.1. Executing OPT_EXPR pass (perform const folding).
Optimizing module hslm_dynamic_top.
<suppressed ~216 debug messages>

2.28.2. Executing OPT_MERGE pass (detect identical cells).
Finding identical cells in module `\hslm_dynamic_top'.
Computing hashes of 342 cells of `\hslm_dynamic_top'.
Finding duplicate cells in `\hslm_dynamic_top'.
Computing hashes of 296 cells of `\hslm_dynamic_top'.
Finding duplicate cells in `\hslm_dynamic_top'.
Computing hashes of 290 cells of `\hslm_dynamic_top'.
Finding duplicate cells in `\hslm_dynamic_top'.
Computing hashes of 284 cells of `\hslm_dynamic_top'.
Finding duplicate cells in `\hslm_dynamic_top'.
Computing hashes of 279 cells of `\hslm_dynamic_top'.
Finding duplicate cells in `\hslm_dynamic_top'.
Computing hashes of 275 cells of `\hslm_dynamic_top'.
Finding duplicate cells in `\hslm_dynamic_top'.
<suppressed ~201 debug messages>
Removed a total of 67 cells.

2.28.3. Executing OPT_MUXTREE pass (detect dead branches in mux trees).
Running muxtree optimizer on module \hslm_dynamic_top..
  Creating internal representation of mux trees.
  Evaluating internal representation of mux trees.
  Analyzing evaluation results.
Removed 0 multiplexer ports.
<suppressed ~63 debug messages>

2.28.4. Executing OPT_REDUCE pass (consolidate $*mux and $reduce_* inputs).
  Optimizing cells in module \hslm_dynamic_top.
Performed a total of 0 changes.

2.28.5. Executing OPT_MERGE pass (detect identical cells).
Finding identical cells in module `\hslm_dynamic_top'.
Computing hashes of 275 cells of `\hslm_dynamic_top'.
Finding duplicate cells in `\hslm_dynamic_top'.
Removed a total of 0 cells.

2.28.6. Executing OPT_DFF pass (perform DFF optimizations).

2.28.7. Executing OPT_CLEAN pass (remove unused cells and wires).
Finding unused cells or wires in module \hslm_dynamic_top..
Removed 0 unused cells and 944 unused wires.
<suppressed ~1 debug messages>

2.28.8. Executing OPT_EXPR pass (perform const folding).
Optimizing module hslm_dynamic_top.

2.28.9. Rerunning OPT passes. (Maybe there is more to do..)

2.28.10. Executing OPT_MUXTREE pass (detect dead branches in mux trees).
Running muxtree optimizer on module \hslm_dynamic_top..
  Creating internal representation of mux trees.
  Evaluating internal representation of mux trees.
  Analyzing evaluation results.
Removed 0 multiplexer ports.
<suppressed ~63 debug messages>

2.28.11. Executing OPT_REDUCE pass (consolidate $*mux and $reduce_* inputs).
  Optimizing cells in module \hslm_dynamic_top.
Performed a total of 0 changes.

2.28.12. Executing OPT_MERGE pass (detect identical cells).
Finding identical cells in module `\hslm_dynamic_top'.
Computing hashes of 275 cells of `\hslm_dynamic_top'.
Finding duplicate cells in `\hslm_dynamic_top'.
Removed a total of 0 cells.

2.28.13. Executing OPT_DFF pass (perform DFF optimizations).

2.28.14. Executing OPT_CLEAN pass (remove unused cells and wires).
Finding unused cells or wires in module \hslm_dynamic_top..

2.28.15. Executing OPT_EXPR pass (perform const folding).
Optimizing module hslm_dynamic_top.

2.28.16. Finished fast OPT passes. (There is nothing left to do.)

2.29. Executing MEMORY pass.

2.29.1. Executing OPT_MEM pass (optimize memories).
Performed a total of 0 transformations.

2.29.2. Executing OPT_MEM_PRIORITY pass (removing unnecessary memory write priority relations).
Performed a total of 0 transformations.

2.29.3. Executing OPT_MEM_FEEDBACK pass (finding memory read-to-write feedback paths).

2.29.4. Executing MEMORY_BMUX2ROM pass (converting muxes to ROMs).

2.29.5. Executing MEMORY_DFF pass (merging $dff cells to $memrd).

2.29.6. Executing OPT_CLEAN pass (remove unused cells and wires).
Finding unused cells or wires in module \hslm_dynamic_top..

2.29.7. Executing MEMORY_SHARE pass (consolidating $memrd/$memwr cells).

2.29.8. Executing OPT_MEM_WIDEN pass (optimize memories where all ports are wide).
Performed a total of 0 transformations.

2.29.9. Executing OPT_CLEAN pass (remove unused cells and wires).
Finding unused cells or wires in module \hslm_dynamic_top..

2.29.10. Executing MEMORY_COLLECT pass (generating $mem cells).

2.30. Executing OPT_CLEAN pass (remove unused cells and wires).
Finding unused cells or wires in module \hslm_dynamic_top..

2.31. Executing MEMORY_LIBMAP pass (mapping memories to cells).

2.32. Executing TECHMAP pass (map to technology primitives).

2.32.1. Executing Verilog-2005 frontend: /opt/homebrew/bin/../share/yosys/xilinx/lutrams_xc5v_map.v
Parsing Verilog input from `/opt/homebrew/bin/../share/yosys/xilinx/lutrams_xc5v_map.v' to AST representation.
Generating RTLIL representation for module `$__XILINX_LUTRAM_SP_'.
Generating RTLIL representation for module `$__XILINX_LUTRAM_DP_'.
Generating RTLIL representation for module `$__XILINX_LUTRAM_QP_'.
Generating RTLIL representation for module `$__XILINX_LUTRAM_OP_'.
Generating RTLIL representation for module `$__XILINX_LUTRAM_SDP_'.
Generating RTLIL representation for module `$__XILINX_LUTRAM_64X8SW_'.
Generating RTLIL representation for module `$__XILINX_LUTRAM_32X16DR8_'.
Successfully finished Verilog frontend.

2.32.2. Continuing TECHMAP pass.
No more expansions possible.
<suppressed ~9 debug messages>

2.33. Executing TECHMAP pass (map to technology primitives).

2.33.1. Executing Verilog-2005 frontend: /opt/homebrew/bin/../share/yosys/xilinx/brams_xc6v_map.v
Parsing Verilog input from `/opt/homebrew/bin/../share/yosys/xilinx/brams_xc6v_map.v' to AST representation.
Generating RTLIL representation for module `$__XILINX_BLOCKRAM_TDP_'.
Generating RTLIL representation for module `$__XILINX_BLOCKRAM_SDP_'.
Successfully finished Verilog frontend.

2.33.2. Continuing TECHMAP pass.
No more expansions possible.
<suppressed ~4 debug messages>

2.34. Executing OPT pass (performing simple optimizations).

2.34.1. Executing OPT_EXPR pass (perform const folding).
Optimizing module hslm_dynamic_top.
<suppressed ~52 debug messages>

2.34.2. Executing OPT_MERGE pass (detect identical cells).
Finding identical cells in module `\hslm_dynamic_top'.
Computing hashes of 240 cells of `\hslm_dynamic_top'.
Finding duplicate cells in `\hslm_dynamic_top'.
Removed a total of 0 cells.

2.34.3. Executing OPT_DFF pass (perform DFF optimizations).
Removing never-active SRST on $auto$ff.cc:337:slice$1710 ($sdffce) from module hslm_dynamic_top.
Removing never-active SRST on $auto$ff.cc:337:slice$1702 ($sdffce) from module hslm_dynamic_top.
Adding SRST signal on $auto$ff.cc:337:slice$1641 ($dffe) from module hslm_dynamic_top (D = $procmux$1397_Y, Q = \rx_bit_cnt, rval = 4'0000).

2.34.4. Executing OPT_CLEAN pass (remove unused cells and wires).
Finding unused cells or wires in module \hslm_dynamic_top..
Removed 3 unused cells and 38 unused wires.
<suppressed ~4 debug messages>

2.34.5. Rerunning OPT passes. (Removed registers in this run.)

2.34.6. Executing OPT_EXPR pass (perform const folding).
Optimizing module hslm_dynamic_top.
<suppressed ~1 debug messages>

2.34.7. Executing OPT_MERGE pass (detect identical cells).
Finding identical cells in module `\hslm_dynamic_top'.
Computing hashes of 237 cells of `\hslm_dynamic_top'.
Finding duplicate cells in `\hslm_dynamic_top'.
Removed a total of 0 cells.

2.34.8. Executing OPT_DFF pass (perform DFF optimizations).
Adding SRST signal on $auto$ff.cc:337:slice$1710 ($dffe) from module hslm_dynamic_top (D = $add$hslm_dynamic_top.v:143$1120_Y, Q = \baud_counter, rval = 16'0000000000000000).
Setting constant 0-bit at position 7 on $auto$ff.cc:337:slice$1680 ($dffe) from module hslm_dynamic_top.

2.34.9. Executing OPT_CLEAN pass (remove unused cells and wires).
Finding unused cells or wires in module \hslm_dynamic_top..
Removed 1 unused cells and 1 unused wires.
<suppressed ~2 debug messages>

2.34.10. Rerunning OPT passes. (Removed registers in this run.)

2.34.11. Executing OPT_EXPR pass (perform const folding).
Optimizing module hslm_dynamic_top.

2.34.12. Executing OPT_MERGE pass (detect identical cells).
Finding identical cells in module `\hslm_dynamic_top'.
Computing hashes of 236 cells of `\hslm_dynamic_top'.
Finding duplicate cells in `\hslm_dynamic_top'.
Removed a total of 0 cells.

2.34.13. Executing OPT_DFF pass (perform DFF optimizations).
Setting constant 0-bit at position 6 on $auto$ff.cc:337:slice$2505 ($dffe) from module hslm_dynamic_top.

2.34.14. Executing OPT_CLEAN pass (remove unused cells and wires).
Finding unused cells or wires in module \hslm_dynamic_top..

2.34.15. Rerunning OPT passes. (Removed registers in this run.)

2.34.16. Executing OPT_EXPR pass (perform const folding).
Optimizing module hslm_dynamic_top.

2.34.17. Executing OPT_MERGE pass (detect identical cells).
Finding identical cells in module `\hslm_dynamic_top'.
Computing hashes of 236 cells of `\hslm_dynamic_top'.
Finding duplicate cells in `\hslm_dynamic_top'.
Removed a total of 0 cells.

2.34.18. Executing OPT_DFF pass (perform DFF optimizations).
Setting constant 0-bit at position 5 on $auto$ff.cc:337:slice$2506 ($dffe) from module hslm_dynamic_top.

2.34.19. Executing OPT_CLEAN pass (remove unused cells and wires).
Finding unused cells or wires in module \hslm_dynamic_top..

2.34.20. Rerunning OPT passes. (Removed registers in this run.)

2.34.21. Executing OPT_EXPR pass (perform const folding).
Optimizing module hslm_dynamic_top.

2.34.22. Executing OPT_MERGE pass (detect identical cells).
Finding identical cells in module `\hslm_dynamic_top'.
Computing hashes of 236 cells of `\hslm_dynamic_top'.
Finding duplicate cells in `\hslm_dynamic_top'.
Removed a total of 0 cells.

2.34.23. Executing OPT_DFF pass (perform DFF optimizations).
Setting constant 0-bit at position 4 on $auto$ff.cc:337:slice$2507 ($dffe) from module hslm_dynamic_top.

2.34.24. Executing OPT_CLEAN pass (remove unused cells and wires).
Finding unused cells or wires in module \hslm_dynamic_top..

2.34.25. Rerunning OPT passes. (Removed registers in this run.)

2.34.26. Executing OPT_EXPR pass (perform const folding).
Optimizing module hslm_dynamic_top.

2.34.27. Executing OPT_MERGE pass (detect identical cells).
Finding identical cells in module `\hslm_dynamic_top'.
Computing hashes of 236 cells of `\hslm_dynamic_top'.
Finding duplicate cells in `\hslm_dynamic_top'.
Removed a total of 0 cells.

2.34.28. Executing OPT_DFF pass (perform DFF optimizations).
Setting constant 0-bit at position 3 on $auto$ff.cc:337:slice$2508 ($dffe) from module hslm_dynamic_top.

2.34.29. Executing OPT_CLEAN pass (remove unused cells and wires).
Finding unused cells or wires in module \hslm_dynamic_top..

2.34.30. Rerunning OPT passes. (Removed registers in this run.)

2.34.31. Executing OPT_EXPR pass (perform const folding).
Optimizing module hslm_dynamic_top.

2.34.32. Executing OPT_MERGE pass (detect identical cells).
Finding identical cells in module `\hslm_dynamic_top'.
Computing hashes of 236 cells of `\hslm_dynamic_top'.
Finding duplicate cells in `\hslm_dynamic_top'.
Removed a total of 0 cells.

2.34.33. Executing OPT_DFF pass (perform DFF optimizations).
Setting constant 0-bit at position 2 on $auto$ff.cc:337:slice$2509 ($dffe) from module hslm_dynamic_top.

2.34.34. Executing OPT_CLEAN pass (remove unused cells and wires).
Finding unused cells or wires in module \hslm_dynamic_top..

2.34.35. Rerunning OPT passes. (Removed registers in this run.)

2.34.36. Executing OPT_EXPR pass (perform const folding).
Optimizing module hslm_dynamic_top.

2.34.37. Executing OPT_MERGE pass (detect identical cells).
Finding identical cells in module `\hslm_dynamic_top'.
Computing hashes of 236 cells of `\hslm_dynamic_top'.
Finding duplicate cells in `\hslm_dynamic_top'.
Removed a total of 0 cells.

2.34.38. Executing OPT_DFF pass (perform DFF optimizations).
Setting constant 0-bit at position 1 on $auto$ff.cc:337:slice$2510 ($dffe) from module hslm_dynamic_top.

2.34.39. Executing OPT_CLEAN pass (remove unused cells and wires).
Finding unused cells or wires in module \hslm_dynamic_top..

2.34.40. Rerunning OPT passes. (Removed registers in this run.)

2.34.41. Executing OPT_EXPR pass (perform const folding).
Optimizing module hslm_dynamic_top.

2.34.42. Executing OPT_MERGE pass (detect identical cells).
Finding identical cells in module `\hslm_dynamic_top'.
Computing hashes of 236 cells of `\hslm_dynamic_top'.
Finding duplicate cells in `\hslm_dynamic_top'.
Removed a total of 0 cells.

2.34.43. Executing OPT_DFF pass (perform DFF optimizations).
Setting constant 0-bit at position 0 on $auto$ff.cc:337:slice$2511 ($dffe) from module hslm_dynamic_top.

2.34.44. Executing OPT_CLEAN pass (remove unused cells and wires).
Finding unused cells or wires in module \hslm_dynamic_top..
Removed 1 unused cells and 1 unused wires.
<suppressed ~2 debug messages>

2.34.45. Rerunning OPT passes. (Removed registers in this run.)

2.34.46. Executing OPT_EXPR pass (perform const folding).
Optimizing module hslm_dynamic_top.
<suppressed ~1 debug messages>

2.34.47. Executing OPT_MERGE pass (detect identical cells).
Finding identical cells in module `\hslm_dynamic_top'.
Computing hashes of 234 cells of `\hslm_dynamic_top'.
Finding duplicate cells in `\hslm_dynamic_top'.
Removed a total of 0 cells.

2.34.48. Executing OPT_DFF pass (perform DFF optimizations).

2.34.49. Executing OPT_CLEAN pass (remove unused cells and wires).
Finding unused cells or wires in module \hslm_dynamic_top..

2.34.50. Finished fast OPT passes.

2.35. Executing MEMORY_MAP pass (converting memories to logic and flip-flops).

2.36. Executing OPT pass (performing simple optimizations).

2.36.1. Executing OPT_EXPR pass (perform const folding).
Optimizing module hslm_dynamic_top.

2.36.2. Executing OPT_MERGE pass (detect identical cells).
Finding identical cells in module `\hslm_dynamic_top'.
Computing hashes of 234 cells of `\hslm_dynamic_top'.
Finding duplicate cells in `\hslm_dynamic_top'.
Removed a total of 0 cells.

2.36.3. Executing OPT_MUXTREE pass (detect dead branches in mux trees).
Running muxtree optimizer on module \hslm_dynamic_top..
  Creating internal representation of mux trees.
  Evaluating internal representation of mux trees.
  Analyzing evaluation results.
Removed 0 multiplexer ports.
<suppressed ~13 debug messages>

2.36.4. Executing OPT_REDUCE pass (consolidate $*mux and $reduce_* inputs).
  Optimizing cells in module \hslm_dynamic_top.
Performed a total of 0 changes.

2.36.5. Executing OPT_MERGE pass (detect identical cells).
Finding identical cells in module `\hslm_dynamic_top'.
Computing hashes of 234 cells of `\hslm_dynamic_top'.
Finding duplicate cells in `\hslm_dynamic_top'.
Removed a total of 0 cells.

2.36.6. Executing OPT_SHARE pass.

2.36.7. Executing OPT_DFF pass (perform DFF optimizations).

2.36.8. Executing OPT_CLEAN pass (remove unused cells and wires).
Finding unused cells or wires in module \hslm_dynamic_top..

2.36.9. Executing OPT_EXPR pass (perform const folding).
Optimizing module hslm_dynamic_top.

2.36.10. Finished fast OPT passes. (There is nothing left to do.)

2.37. Executing XILINX_SRL pass (Xilinx shift register extraction).

2.38. Executing TECHMAP pass (map to technology primitives).

2.38.1. Executing Verilog-2005 frontend: /opt/homebrew/bin/../share/yosys/techmap.v
Parsing Verilog input from `/opt/homebrew/bin/../share/yosys/techmap.v' to AST representation.
Generating RTLIL representation for module `\_90_simplemap_bool_ops'.
Generating RTLIL representation for module `\_90_simplemap_reduce_ops'.
Generating RTLIL representation for module `\_90_simplemap_logic_ops'.
Generating RTLIL representation for module `\_90_simplemap_compare_ops'.
Generating RTLIL representation for module `\_90_simplemap_various'.
Generating RTLIL representation for module `\_90_simplemap_registers'.
Generating RTLIL representation for module `\_90_shift_ops_shr_shl_sshl_sshr'.
Generating RTLIL representation for module `\_90_shift_shiftx'.
Generating RTLIL representation for module `\_90_fa'.
Generating RTLIL representation for module `\_90_lcu_brent_kung'.
Generating RTLIL representation for module `\_90_alu'.
Generating RTLIL representation for module `\_90_macc'.
Generating RTLIL representation for module `\_90_alumacc'.
Generating RTLIL representation for module `$__div_mod_u'.
Generating RTLIL representation for module `$__div_mod_trunc'.
Generating RTLIL representation for module `\_90_div'.
Generating RTLIL representation for module `\_90_mod'.
Generating RTLIL representation for module `$__div_mod_floor'.
Generating RTLIL representation for module `\_90_divfloor'.
Generating RTLIL representation for module `\_90_modfloor'.
Generating RTLIL representation for module `\_90_pow'.
Generating RTLIL representation for module `\_90_pmux'.
Generating RTLIL representation for module `\_90_demux'.
Generating RTLIL representation for module `\_90_lut'.
Generating RTLIL representation for module `$connect'.
Generating RTLIL representation for module `$input_port'.
Successfully finished Verilog frontend.

2.38.2. Executing Verilog-2005 frontend: /opt/homebrew/bin/../share/yosys/xilinx/arith_map.v
Parsing Verilog input from `/opt/homebrew/bin/../share/yosys/xilinx/arith_map.v' to AST representation.
Generating RTLIL representation for module `\_80_xilinx_lcu'.
Generating RTLIL representation for module `\_80_xilinx_alu'.
Successfully finished Verilog frontend.

2.38.3. Continuing TECHMAP pass.
Using extmapper simplemap for cells of type $sdffce.
Using extmapper simplemap for cells of type $not.
Using template $paramod$674141544fade965cf052b5e9d5b65813fc4e151\_80_xilinx_alu for cells of type $alu.
Using template $paramod$2e6fa573ec247c71d1c073ac74c0c20475cdfbce\_80_xilinx_alu for cells of type $alu.
Using template $paramod$6119bb9f6addb0d9fbcb63c4c179faec433946a7\_80_xilinx_alu for cells of type $alu.
Using template $paramod$817919053e360e32f1a00d067c5411f16a07f712\_80_xilinx_alu for cells of type $alu.
Using extmapper simplemap for cells of type $sdff.
Using extmapper simplemap for cells of type $reduce_and.
Using extmapper simplemap for cells of type $ne.
Using extmapper simplemap for cells of type $sdffe.
Using extmapper simplemap for cells of type $dffe.
Using extmapper simplemap for cells of type $reduce_bool.
Using extmapper simplemap for cells of type $reduce_or.
Using extmapper simplemap for cells of type $and.
Using extmapper simplemap for cells of type $eq.
Using extmapper simplemap for cells of type $logic_not.
Using extmapper simplemap for cells of type $dff.
Using extmapper simplemap for cells of type $or.
Using template $paramod\_90_lcu_brent_kung\WIDTH=s32'00000000000000000000000000000010 for cells of type $lcu.
Using template $paramod\_80_xilinx_lcu\WIDTH=s32'00000000000000000000000000000011 for cells of type $lcu.
Using template $paramod\_90_lcu_brent_kung\WIDTH=s32'00000000000000000000000000000001 for cells of type $lcu.
Using extmapper simplemap for cells of type $logic_and.
Using extmapper simplemap for cells of type $mux.
Using template $paramod$bf2533632d512eac76dd186c0da49367e29b8e98\_90_pmux for cells of type $pmux.
Using template $paramod$0d149ffe75563ef6fcc1a3dddc59d00af28651a7\_90_pmux for cells of type $pmux.
Using extmapper simplemap for cells of type $pos.
Using extmapper simplemap for cells of type $xor.
No more expansions possible.
<suppressed ~760 debug messages>

2.39. Executing OPT pass (performing simple optimizations).

2.39.1. Executing OPT_EXPR pass (perform const folding).
Optimizing module hslm_dynamic_top.
<suppressed ~387 debug messages>

2.39.2. Executing OPT_MERGE pass (detect identical cells).
Finding identical cells in module `\hslm_dynamic_top'.
Computing hashes of 792 cells of `\hslm_dynamic_top'.
Finding duplicate cells in `\hslm_dynamic_top'.
Computing hashes of 687 cells of `\hslm_dynamic_top'.
Finding duplicate cells in `\hslm_dynamic_top'.
Computing hashes of 676 cells of `\hslm_dynamic_top'.
Finding duplicate cells in `\hslm_dynamic_top'.
Computing hashes of 674 cells of `\hslm_dynamic_top'.
Finding duplicate cells in `\hslm_dynamic_top'.
<suppressed ~354 debug messages>
Removed a total of 118 cells.

2.39.3. Executing OPT_DFF pass (perform DFF optimizations).

2.39.4. Executing OPT_CLEAN pass (remove unused cells and wires).
Finding unused cells or wires in module \hslm_dynamic_top..
Removed 45 unused cells and 461 unused wires.
<suppressed ~46 debug messages>

2.39.5. Finished fast OPT passes.

2.40. Executing IOPADMAP pass (mapping inputs/outputs to IO-PAD cells).
Mapping port hslm_dynamic_top.clk using IBUF.
Mapping port hslm_dynamic_top.debug_state using OBUF.
Mapping port hslm_dynamic_top.led using OBUF.
Mapping port hslm_dynamic_top.uart_rx using IBUF.
Mapping port hslm_dynamic_top.uart_tx using OBUF.

2.41. Executing TECHMAP pass (map to technology primitives).

2.41.1. Executing Verilog-2005 frontend: /opt/homebrew/bin/../share/yosys/techmap.v
Parsing Verilog input from `/opt/homebrew/bin/../share/yosys/techmap.v' to AST representation.
Generating RTLIL representation for module `\_90_simplemap_bool_ops'.
Generating RTLIL representation for module `\_90_simplemap_reduce_ops'.
Generating RTLIL representation for module `\_90_simplemap_logic_ops'.
Generating RTLIL representation for module `\_90_simplemap_compare_ops'.
Generating RTLIL representation for module `\_90_simplemap_various'.
Generating RTLIL representation for module `\_90_simplemap_registers'.
Generating RTLIL representation for module `\_90_shift_ops_shr_shl_sshl_sshr'.
Generating RTLIL representation for module `\_90_shift_shiftx'.
Generating RTLIL representation for module `\_90_fa'.
Generating RTLIL representation for module `\_90_lcu_brent_kung'.
Generating RTLIL representation for module `\_90_alu'.
Generating RTLIL representation for module `\_90_macc'.
Generating RTLIL representation for module `\_90_alumacc'.
Generating RTLIL representation for module `$__div_mod_u'.
Generating RTLIL representation for module `$__div_mod_trunc'.
Generating RTLIL representation for module `\_90_div'.
Generating RTLIL representation for module `\_90_mod'.
Generating RTLIL representation for module `$__div_mod_floor'.
Generating RTLIL representation for module `\_90_divfloor'.
Generating RTLIL representation for module `\_90_modfloor'.
Generating RTLIL representation for module `\_90_pow'.
Generating RTLIL representation for module `\_90_pmux'.
Generating RTLIL representation for module `\_90_demux'.
Generating RTLIL representation for module `\_90_lut'.
Generating RTLIL representation for module `$connect'.
Generating RTLIL representation for module `$input_port'.
Successfully finished Verilog frontend.

2.41.2. Executing Verilog-2005 frontend: /opt/homebrew/bin/../share/yosys/xilinx/cells_map.v
Parsing Verilog input from `/opt/homebrew/bin/../share/yosys/xilinx/cells_map.v' to AST representation.
Generating RTLIL representation for module `$__SHREG_'.
Generating RTLIL representation for module `$__XILINX_SHREG_'.
Generating RTLIL representation for module `$__XILINX_MUXF78'.
Successfully finished Verilog frontend.

2.41.3. Continuing TECHMAP pass.
No more expansions possible.
<suppressed ~80 debug messages>
Removed 0 unused cells and 2 unused wires.

2.42. Executing DFFLEGALIZE pass (convert FFs to types supported by the target).

2.43. Executing TECHMAP pass (map to technology primitives).

2.43.1. Executing Verilog-2005 frontend: /opt/homebrew/bin/../share/yosys/xilinx/ff_map.v
Parsing Verilog input from `/opt/homebrew/bin/../share/yosys/xilinx/ff_map.v' to AST representation.
Generating RTLIL representation for module `$_DFFE_NP0P_'.
Generating RTLIL representation for module `$_DFFE_PP0P_'.
Generating RTLIL representation for module `$_DFFE_NP1P_'.
Generating RTLIL representation for module `$_DFFE_PP1P_'.
Generating RTLIL representation for module `$_DFFSRE_NPPP_'.
Generating RTLIL representation for module `$_DFFSRE_PPPP_'.
Generating RTLIL representation for module `$_SDFFE_NP0P_'.
Generating RTLIL representation for module `$_SDFFE_PP0P_'.
Generating RTLIL representation for module `$_SDFFE_NP1P_'.
Generating RTLIL representation for module `$_SDFFE_PP1P_'.
Generating RTLIL representation for module `$_DLATCH_NP0_'.
Generating RTLIL representation for module `$_DLATCH_PP0_'.
Generating RTLIL representation for module `$_DLATCH_NP1_'.
Generating RTLIL representation for module `$_DLATCH_PP1_'.
Generating RTLIL representation for module `$_DLATCH_NPP_'.
Generating RTLIL representation for module `$_DLATCH_PPP_'.
Successfully finished Verilog frontend.

2.43.2. Continuing TECHMAP pass.
Using template $paramod$_SDFFE_PP0P_\_TECHMAP_WIREINIT_Q_=1'1 for cells of type $_SDFFE_PP0P_.
Using template $paramod$_SDFFE_PP0P_\_TECHMAP_WIREINIT_Q_=1'x for cells of type $_SDFFE_PP0P_.
Using template $paramod$_SDFFE_PP0P_\_TECHMAP_WIREINIT_Q_=1'0 for cells of type $_SDFFE_PP0P_.
Using template $paramod$_SDFFE_PP1P_\_TECHMAP_WIREINIT_Q_=1'x for cells of type $_SDFFE_PP1P_.
No more expansions possible.
<suppressed ~166 debug messages>

2.44. Executing OPT_EXPR pass (perform const folding).
Optimizing module hslm_dynamic_top.

2.45. Executing Verilog-2005 frontend: /opt/homebrew/bin/../share/yosys/xilinx/abc9_model.v
Parsing Verilog input from `/opt/homebrew/bin/../share/yosys/xilinx/abc9_model.v' to AST representation.
Generating RTLIL representation for module `$__XILINX_MUXF78'.
Successfully finished Verilog frontend.

2.46. Executing ABC9 pass.

2.46.1. Executing ABC9_OPS pass (helper functions for ABC9).

2.46.2. Executing ABC9_OPS pass (helper functions for ABC9).

2.46.3. Executing SCC pass (detecting logic loops).
Found 0 SCCs in module hslm_dynamic_top.
Found 0 SCCs.

2.46.4. Executing ABC9_OPS pass (helper functions for ABC9).

2.46.5. Executing TECHMAP pass (map to technology primitives).

2.46.5.1. Executing Verilog-2005 frontend: /opt/homebrew/bin/../share/yosys/techmap.v
Parsing Verilog input from `/opt/homebrew/bin/../share/yosys/techmap.v' to AST representation.
Generating RTLIL representation for module `\_90_simplemap_bool_ops'.
Generating RTLIL representation for module `\_90_simplemap_reduce_ops'.
Generating RTLIL representation for module `\_90_simplemap_logic_ops'.
Generating RTLIL representation for module `\_90_simplemap_compare_ops'.
Generating RTLIL representation for module `\_90_simplemap_various'.
Generating RTLIL representation for module `\_90_simplemap_registers'.
Generating RTLIL representation for module `\_90_shift_ops_shr_shl_sshl_sshr'.
Generating RTLIL representation for module `\_90_shift_shiftx'.
Generating RTLIL representation for module `\_90_fa'.
Generating RTLIL representation for module `\_90_lcu_brent_kung'.
Generating RTLIL representation for module `\_90_alu'.
Generating RTLIL representation for module `\_90_macc'.
Generating RTLIL representation for module `\_90_alumacc'.
Generating RTLIL representation for module `$__div_mod_u'.
Generating RTLIL representation for module `$__div_mod_trunc'.
Generating RTLIL representation for module `\_90_div'.
Generating RTLIL representation for module `\_90_mod'.
Generating RTLIL representation for module `$__div_mod_floor'.
Generating RTLIL representation for module `\_90_divfloor'.
Generating RTLIL representation for module `\_90_modfloor'.
Generating RTLIL representation for module `\_90_pow'.
Generating RTLIL representation for module `\_90_pmux'.
Generating RTLIL representation for module `\_90_demux'.
Generating RTLIL representation for module `\_90_lut'.
Generating RTLIL representation for module `$connect'.
Generating RTLIL representation for module `$input_port'.
Successfully finished Verilog frontend.

2.46.5.2. Continuing TECHMAP pass.
No more expansions possible.
<suppressed ~506 debug messages>

2.46.6. Executing OPT pass (performing simple optimizations).

2.46.6.1. Executing OPT_EXPR pass (perform const folding).

2.46.6.2. Executing OPT_MERGE pass (detect identical cells).
Removed a total of 0 cells.

2.46.6.3. Executing OPT_MUXTREE pass (detect dead branches in mux trees).
Removed 0 multiplexer ports.

2.46.6.4. Executing OPT_REDUCE pass (consolidate $*mux and $reduce_* inputs).
Performed a total of 0 changes.

2.46.6.5. Executing OPT_MERGE pass (detect identical cells).
Removed a total of 0 cells.

2.46.6.6. Executing OPT_DFF pass (perform DFF optimizations).

2.46.6.7. Executing OPT_CLEAN pass (remove unused cells and wires).

2.46.6.8. Executing OPT_EXPR pass (perform const folding).

2.46.6.9. Finished fast OPT passes. (There is nothing left to do.)

2.46.7. Executing TECHMAP pass (map to technology primitives).

2.46.7.1. Executing Verilog-2005 frontend: /opt/homebrew/bin/../share/yosys/abc9_map.v
Parsing Verilog input from `/opt/homebrew/bin/../share/yosys/abc9_map.v' to AST representation.
Successfully finished Verilog frontend.

2.46.7.2. Continuing TECHMAP pass.
No more expansions possible.
<suppressed ~2 debug messages>

2.46.8. Executing Verilog-2005 frontend: /opt/homebrew/bin/../share/yosys/abc9_model.v
Parsing Verilog input from `/opt/homebrew/bin/../share/yosys/abc9_model.v' to AST representation.
Generating RTLIL representation for module `$__ABC9_DELAY'.
Generating RTLIL representation for module `$__ABC9_SCC_BREAKER'.
Generating RTLIL representation for module `$__DFF_N__$abc9_flop'.
Generating RTLIL representation for module `$__DFF_P__$abc9_flop'.
Successfully finished Verilog frontend.

2.46.9. Executing ABC9_OPS pass (helper functions for ABC9).
<suppressed ~2 debug messages>

2.46.10. Executing ABC9_OPS pass (helper functions for ABC9).

2.46.11. Executing ABC9_OPS pass (helper functions for ABC9).
<suppressed ~2 debug messages>

2.46.12. Executing TECHMAP pass (map to technology primitives).

2.46.12.1. Executing Verilog-2005 frontend: /opt/homebrew/bin/../share/yosys/techmap.v
Parsing Verilog input from `/opt/homebrew/bin/../share/yosys/techmap.v' to AST representation.
Generating RTLIL representation for module `\_90_simplemap_bool_ops'.
Generating RTLIL representation for module `\_90_simplemap_reduce_ops'.
Generating RTLIL representation for module `\_90_simplemap_logic_ops'.
Generating RTLIL representation for module `\_90_simplemap_compare_ops'.
Generating RTLIL representation for module `\_90_simplemap_various'.
Generating RTLIL representation for module `\_90_simplemap_registers'.
Generating RTLIL representation for module `\_90_shift_ops_shr_shl_sshl_sshr'.
Generating RTLIL representation for module `\_90_shift_shiftx'.
Generating RTLIL representation for module `\_90_fa'.
Generating RTLIL representation for module `\_90_lcu_brent_kung'.
Generating RTLIL representation for module `\_90_alu'.
Generating RTLIL representation for module `\_90_macc'.
Generating RTLIL representation for module `\_90_alumacc'.
Generating RTLIL representation for module `$__div_mod_u'.
Generating RTLIL representation for module `$__div_mod_trunc'.
Generating RTLIL representation for module `\_90_div'.
Generating RTLIL representation for module `\_90_mod'.
Generating RTLIL representation for module `$__div_mod_floor'.
Generating RTLIL representation for module `\_90_divfloor'.
Generating RTLIL representation for module `\_90_modfloor'.
Generating RTLIL representation for module `\_90_pow'.
Generating RTLIL representation for module `\_90_pmux'.
Generating RTLIL representation for module `\_90_demux'.
Generating RTLIL representation for module `\_90_lut'.
Generating RTLIL representation for module `$connect'.
Generating RTLIL representation for module `$input_port'.
Successfully finished Verilog frontend.

2.46.12.2. Continuing TECHMAP pass.
Using template CARRY4 for cells of type CARRY4.
Using extmapper simplemap for cells of type $xor.
Using extmapper simplemap for cells of type $mux.
Using extmapper simplemap for cells of type $or.
No more expansions possible.
<suppressed ~518 debug messages>

2.46.13. Executing OPT pass (performing simple optimizations).

2.46.13.1. Executing OPT_EXPR pass (perform const folding).
Optimizing module hslm_dynamic_top.

2.46.13.2. Executing OPT_MERGE pass (detect identical cells).
Finding identical cells in module `\hslm_dynamic_top'.
Computing hashes of 62 cells of `\hslm_dynamic_top'.
Finding duplicate cells in `\hslm_dynamic_top'.
Computing hashes of 61 cells of `\hslm_dynamic_top'.
Finding duplicate cells in `\hslm_dynamic_top'.
<suppressed ~3 debug messages>
Removed a total of 1 cells.

2.46.13.3. Executing OPT_MUXTREE pass (detect dead branches in mux trees).
Running muxtree optimizer on module \hslm_dynamic_top..
  Creating internal representation of mux trees.
  No muxes found in this module.
Removed 0 multiplexer ports.

2.46.13.4. Executing OPT_REDUCE pass (consolidate $*mux and $reduce_* inputs).
  Optimizing cells in module \hslm_dynamic_top.
Performed a total of 0 changes.

2.46.13.5. Executing OPT_MERGE pass (detect identical cells).
Finding identical cells in module `\hslm_dynamic_top'.
Computing hashes of 61 cells of `\hslm_dynamic_top'.
Finding duplicate cells in `\hslm_dynamic_top'.
Removed a total of 0 cells.

2.46.13.6. Executing OPT_DFF pass (perform DFF optimizations).

2.46.13.7. Executing OPT_CLEAN pass (remove unused cells and wires).
Finding unused cells or wires in module \hslm_dynamic_top..
Removed 0 unused cells and 14 unused wires.
<suppressed ~3 debug messages>

2.46.13.8. Executing OPT_EXPR pass (perform const folding).
Optimizing module hslm_dynamic_top.

2.46.13.9. Rerunning OPT passes. (Maybe there is more to do..)

2.46.13.10. Executing OPT_MUXTREE pass (detect dead branches in mux trees).
Running muxtree optimizer on module \hslm_dynamic_top..
  Creating internal representation of mux trees.
  No muxes found in this module.
Removed 0 multiplexer ports.

2.46.13.11. Executing OPT_REDUCE pass (consolidate $*mux and $reduce_* inputs).
  Optimizing cells in module \hslm_dynamic_top.
Performed a total of 0 changes.

2.46.13.12. Executing OPT_MERGE pass (detect identical cells).
Finding identical cells in module `\hslm_dynamic_top'.
Computing hashes of 61 cells of `\hslm_dynamic_top'.
Finding duplicate cells in `\hslm_dynamic_top'.
Removed a total of 0 cells.

2.46.13.13. Executing OPT_DFF pass (perform DFF optimizations).

2.46.13.14. Executing OPT_CLEAN pass (remove unused cells and wires).
Finding unused cells or wires in module \hslm_dynamic_top..

2.46.13.15. Executing OPT_EXPR pass (perform const folding).
Optimizing module hslm_dynamic_top.

2.46.13.16. Finished fast OPT passes. (There is nothing left to do.)

2.46.14. Executing AIGMAP pass (map logic to AIG).
Module hslm_dynamic_top: replaced 9 cells with 60 new cells, skipped 52 cells.
  replaced 3 cell types:
       4 $_MUX_
       1 $_OR_
       4 $_XOR_
  not replaced 1 cell types:
      52 $specify2

2.46.15. Executing AIGMAP pass (map logic to AIG).
Module hslm_dynamic_top: replaced 289 cells with 1412 new cells, skipped 386 cells.
  replaced 3 cell types:
      92 $_MUX_
      20 $_ORNOT_
     177 $_OR_
  not replaced 7 cell types:
     137 $_AND_
     118 $_NOT_
     103 FDRE
       1 FDSE
       2 IBUF
       4 OBUF
      21 CARRY4

2.46.15.1. Executing ABC9_OPS pass (helper functions for ABC9).

2.46.15.2. Executing ABC9_OPS pass (helper functions for ABC9).

2.46.15.3. Executing XAIGER backend.
<suppressed ~115 debug messages>
Extracted 610 AND gates and 2000 wires from module `hslm_dynamic_top' to a netlist network with 112 inputs and 137 outputs.

2.46.15.4. Executing ABC9_EXE pass (technology mapping using ABC9).

2.46.15.5. Executing ABC9.
Running ABC command: "<yosys-exe-dir>/yosys-abc" -s -f <abc-temp-dir>/abc.script 2>&1
ABC: ======== ABC command line "source <abc-temp-dir>/abc.script"
ABC: + read_lut <abc-temp-dir>/input.lut 
ABC: + read_box <abc-temp-dir>/input.box 
ABC: + &read <abc-temp-dir>/input.xaig 
ABC: + &ps 
ABC: <abc-temp-dir>/input : i/o =    112/    137  and =     457  lev =   14 (1.62)  mem = 0.02 MB  box = 21  bb = 0
ABC: + &scorr 
ABC: Warning: The network is combinational.
ABC: + &sweep 
ABC: + &dc2 
ABC: + &dch -f -r 
ABC: + &ps 
ABC: <abc-temp-dir>/input : i/o =    112/    137  and =     320  lev =    9 (0.94)  mem = 0.01 MB  ch =   57  box = 21  bb = 0
ABC: cst =       0  cls =     42  lit =      57  unused =     501  proof =     0
ABC: + &if -W 300 -v 
ABC: K = 8. Memory (bytes): Truth =    0. Cut =   68. Obj =  152. Set =  708. CutMin = no
ABC: Node =     320.  Ch =    42.  Total mem =    0.15 MB. Peak cut mem =    0.02 MB.
ABC: P:  Del = 2290.00.  Ar =     330.0.  Edge =      372.  Cut =     2872.  T =     0.00 sec
ABC: P:  Del = 2290.00.  Ar =     331.0.  Edge =      379.  Cut =     2815.  T =     0.00 sec
ABC: P:  Del = 2290.00.  Ar =     276.0.  Edge =      369.  Cut =     3848.  T =     0.00 sec
ABC: F:  Del = 2290.00.  Ar =     260.0.  Edge =      349.  Cut =     3013.  T =     0.00 sec
ABC: A:  Del = 2290.00.  Ar =     253.0.  Edge =      320.  Cut =     3171.  T =     0.00 sec
ABC: A:  Del = 2290.00.  Ar =     253.0.  Edge =      320.  Cut =     3179.  T =     0.00 sec
ABC: Total time =     0.00 sec
ABC: + &write -n <abc-temp-dir>/output.aig 
ABC: + &mfs 
ABC: + &ps -l 
ABC: <abc-temp-dir>/input : i/o =    112/    137  and =     237  lev =    8 (0.97)  mem = 0.01 MB  box = 21  bb = 0
ABC: Mapping (K=6)  :  lut =     86  edge =     315  lev =    3 (0.55)  levB =    7  mem = 0.01 MB
ABC: LUT = 86 : 2=24 27.9 %  3=5 5.8 %  4=39 45.3 %  5=12 14.0 %  6=6 7.0 %  Ave = 3.66
ABC: + &write -n <abc-temp-dir>/output.aig 
ABC: + &verify 
ABC: Networks are equivalent.  Time =     0.02 sec
ABC: + time 
ABC: elapse: 0.05 seconds, total: 0.05 seconds

2.46.15.6. Executing AIGER frontend.
<suppressed ~509 debug messages>
Removed 274 unused cells and 967 unused wires.

2.46.15.7. Executing ABC9_OPS pass (helper functions for ABC9).
ABC RESULTS:              $lut cells:       94
ABC RESULTS:           \CARRY4 cells:       21
ABC RESULTS:           input signals:       13
ABC RESULTS:          output signals:       56
Removing temp directory.

2.46.16. Executing TECHMAP pass (map to technology primitives).

2.46.16.1. Executing Verilog-2005 frontend: /opt/homebrew/bin/../share/yosys/abc9_unmap.v
Parsing Verilog input from `/opt/homebrew/bin/../share/yosys/abc9_unmap.v' to AST representation.
Generating RTLIL representation for module `$__DFF_x__$abc9_flop'.
Generating RTLIL representation for module `$__ABC9_SCC_BREAKER'.
Successfully finished Verilog frontend.

2.46.16.2. Continuing TECHMAP pass.
No more expansions possible.
<suppressed ~5 debug messages>
Removed 5 unused cells and 2531 unused wires.

2.47. Executing XILINX_SRL pass (Xilinx shift register extraction).

2.48. Executing TECHMAP pass (map to technology primitives).

2.48.1. Executing Verilog-2005 frontend: /opt/homebrew/bin/../share/yosys/xilinx/lut_map.v
Parsing Verilog input from `/opt/homebrew/bin/../share/yosys/xilinx/lut_map.v' to AST representation.
Generating RTLIL representation for module `$lut'.
Successfully finished Verilog frontend.

2.48.2. Executing Verilog-2005 frontend: /opt/homebrew/bin/../share/yosys/xilinx/cells_map.v
Parsing Verilog input from `/opt/homebrew/bin/../share/yosys/xilinx/cells_map.v' to AST representation.
Generating RTLIL representation for module `$__SHREG_'.
Generating RTLIL representation for module `$__XILINX_SHREG_'.
Generating RTLIL representation for module `$__XILINX_MUXF78'.
Successfully finished Verilog frontend.

2.48.3. Continuing TECHMAP pass.
Using template $paramod$lut\WIDTH=32'00000000000000000000000000000011\LUT=8'01010111 for cells of type $lut.
Using template $paramod$lut\WIDTH=32'00000000000000000000000000000010\LUT=4'0111 for cells of type $lut.
Using template $paramod$lut\WIDTH=32'00000000000000000000000000000010\LUT=4'1101 for cells of type $lut.
Using template $paramod$f9813472aa48e533b3838c6f2316dc2e78c66111$lut for cells of type $lut.
Using template $paramod$658b9ed803f0d3d335616d3858b53e0a2522f1e8$lut for cells of type $lut.
Using template $paramod$6e238df02989b317f10820a22773676e71120644$lut for cells of type $lut.
Using template $paramod$571404c0889eaf57f492cb5e37f8acb5df5852f9$lut for cells of type $lut.
Using template $paramod$6d6beead1425af15cf78b27fd9b11b41b5d4bce8$lut for cells of type $lut.
Using template $paramod$lut\WIDTH=32'00000000000000000000000000000011\LUT=8'00000111 for cells of type $lut.
Using template $paramod$bb3206e5c34131e042e2721b2130ae1bdaffa610$lut for cells of type $lut.
Using template $paramod$1843b3c15f2447d117e2d5de9b00f791ef5f9fa3$lut for cells of type $lut.
Using template $paramod$lut\WIDTH=32'00000000000000000000000000000001\LUT=2'01 for cells of type $lut.
Using template $paramod$332a399730bfc61adea04021a76b1c4e4030f37d$lut for cells of type $lut.
Using template $paramod$153c6cdaaddbc43e6ef3facd06aa851de33910ae$lut for cells of type $lut.
Using template $paramod$lut\WIDTH=32'00000000000000000000000000000011\LUT=8'10100010 for cells of type $lut.
Using template $paramod$272652f6c6fbe9a75eff76e45cc7e2788835518b$lut for cells of type $lut.
Using template $paramod$175161f130c6f1516194a5dc96a12a8b69e86cc5$lut for cells of type $lut.
Using template $paramod$lut\WIDTH=32'00000000000000000000000000000010\LUT=4'0100 for cells of type $lut.
Using template $paramod$lut\WIDTH=32'00000000000000000000000000000011\LUT=8'00000010 for cells of type $lut.
Using template $paramod$lut\WIDTH=32'00000000000000000000000000000010\LUT=4'0001 for cells of type $lut.
Using template $paramod$4bb876346cbc5d13aef9f873277f12d388c5d51a$lut for cells of type $lut.
Using template $paramod$364c9ffbffac467d60dfec81bba4e18476c15602$lut for cells of type $lut.
Using template $paramod$d1dc785fc5b97e7bec2be30ee7302c8cf250ad22$lut for cells of type $lut.
Using template $paramod$a9ba23df824f693c44e722629fd8c1fae157385c$lut for cells of type $lut.
Using template $paramod$e51a8a571bee774247b38f52d6e85fd62ae52cea$lut for cells of type $lut.
Using template $paramod$9bdc414229f06e785dc8fd97a243faa9336e164a$lut for cells of type $lut.
Using template $paramod$6b0849254d6c87461fb93e37cc18f089f61eb912$lut for cells of type $lut.
Using template $paramod$66caeb00a39d236782a97659e3bd99621b74681b$lut for cells of type $lut.
Using template $paramod$1dc04239bb241758f75df5b1118916486c63ca41$lut for cells of type $lut.
Using template $paramod$20f3f4b8e32f8a8b038b0056872dc94926194798$lut for cells of type $lut.
Using template $paramod$lut\WIDTH=32'00000000000000000000000000000010\LUT=4'0010 for cells of type $lut.
Using template $paramod$4205a28624e50dcc4161d3226953f26321531fab$lut for cells of type $lut.
Using template $paramod$4c919d2161a8a8c76bb307bfb73139489b26df5b$lut for cells of type $lut.
Using template $paramod$c217e185eb8e6463ca272982ba8c5940fa90d81f$lut for cells of type $lut.
Using template $paramod$579ccdb30b252650f33d2c917047b830898660ab$lut for cells of type $lut.
Using template $paramod$859290076eb0ab5533d03769d9103e68d9252019$lut for cells of type $lut.
Using template $paramod$dd6562fd33baba988666cae1d8f73bbca54494a1$lut for cells of type $lut.
Using template $paramod$ee19d45db61acb4c70d938b97483a4ed4b792645$lut for cells of type $lut.
Using template $paramod$200337237619ba4c0bed9a492562f1d1b57fb569$lut for cells of type $lut.
Using template $paramod$64027d2d1e06b389ce9366da7d07d8faebecbcce$lut for cells of type $lut.
Using template $paramod$cf652acbfbf67d2248e3045cd0f09c58ca55886c$lut for cells of type $lut.
Using template $paramod$0fcb06ed76df01e8d45bc2b9e6c8a9b43fa42cb4$lut for cells of type $lut.
Using template $paramod$20235ca863361fbc253329cfc7eeea38c77404dc$lut for cells of type $lut.
Using template $paramod$fb338d6b22d9baad5bb4a0ed7b3235fa6a7e7367$lut for cells of type $lut.
Using template $paramod$7bb6a37e65823eeb4b38c370fec30ab082759a14$lut for cells of type $lut.
Using template $paramod$lut\WIDTH=32'00000000000000000000000000000011\LUT=8'10000000 for cells of type $lut.
No more expansions possible.
<suppressed ~698 debug messages>

2.49. Executing XILINX_DFFOPT pass (optimize FF control signal usage).
Optimizing FFs in hslm_dynamic_top.
  Merging D + CE LUTs for $auto$ff.cc:337:slice$2683/led_state (2 -> 5)
  Merging D + CE LUTs for $auto$ff.cc:337:slice$2719/rx_clk_div (4 -> 6)
  Merging D + CE LUTs for $auto$ff.cc:337:slice$2829/rx_sample_cnt (2 -> 6)

2.50. Executing OPT_LUT_INS pass (discard unused LUT inputs).
Optimizing LUTs in hslm_dynamic_top.

2.51. Executing CLKBUFMAP pass (inserting clock buffers).
Inserting BUFG on hslm_dynamic_top.$abc$7567$iopadmap$clk[0].
Removed 4 unused cells and 205 unused wires.

2.52. Executing HIERARCHY pass (managing design hierarchy).
Attribute `top' found on module `hslm_dynamic_top'. Setting top module to hslm_dynamic_top.

2.52.1. Analyzing design hierarchy..
Top module:  \hslm_dynamic_top

2.52.2. Analyzing design hierarchy..
Top module:  \hslm_dynamic_top
Removed 0 unused modules.

2.53. Printing statistics.

=== hslm_dynamic_top ===

        +----------Local Count, excluding submodules.
        | 
      204 wires
      501 wire bits
       26 public wires
      130 public wire bits
        5 ports
        6 port bits
      100 cells
        1   BUFG
        2   IBUF
        8   INV
       22   LUT2
        4   LUT3
       38   LUT4
       13   LUT5
        8   LUT6
        4   OBUF
      125 submodules
       21   CARRY4
      103   FDRE
        1   FDSE

   Estimated number of LCs:         63

=== design hierarchy ===

        +----------Count including submodules.
        | 
      100 hslm_dynamic_top

        +----------Count including submodules.
        | 
      204 wires
      501 wire bits
       26 public wires
      130 public wire bits
        5 ports
        6 port bits
        - memories
        - memory bits
        - processes
      100 cells
        1   BUFG
        2   IBUF
        8   INV
       22   LUT2
        4   LUT3
       38   LUT4
       13   LUT5
        8   LUT6
        4   OBUF
      125 submodules
       21   CARRY4
      103   FDRE
        1   FDSE

   Estimated number of LCs:         63

2.54. Executing CHECK pass (checking for obvious problems).
Checking module hslm_dynamic_top...
Found and reported 0 problems.

3. Executing JSON backend.

Warnings: 10 unique messages, 10 total
End of script. Logfile hash: 88b356aa90, CPU: user 3.62s system 0.17s, MEM: 133.25 MB peak
Yosys 0.63 (git sha1 70a11c6bf0e8dd669f56c7da3587f78b405138e2, clang++ 16.0.0 -fPIC -O3)
Time spent: 64% 27x read_verilog (2 sec), 5% 12x techmap (0 sec), ...
